time,ax,ay,az
0.035849809646606445,-0.05,0.2,0.05,0.21
0.03771185874938965,0.05,0.1,-0.07,0.13
0.038739919662475586,-0.02,0.06,0.14,0.15
0.0401918888092041,0.01,-0.11,0.17,0.2
0.048792123794555664,0.13,-0.15,-0.05,0.2
0.0589289665222168,0.06,-0.13,0.27,0.3
0.06883502006530762,0.03,-0.18,0.2,0.27
0.0790250301361084,0.06,-0.18,-0.02,0.19
0.08909296989440918,0.07,-0.16,0.04,0.17
0.09901189804077148,0.05,-0.11,0.1,0.15
0.13603997230529785,0.05,-0.04,0.01,0.06
0.1378180980682373,0.04,0.01,0.0,0.04
0.13895010948181152,0.0,0.08,-0.18,0.19
0.14053893089294434,-0.01,0.11,-0.12,0.16
0.14910006523132324,-0.05,0.14,-0.1,0.17
0.15912604331970215,-0.11,0.14,-0.16,0.23
0.1690669059753418,-0.1,0.1,-0.1,0.17
0.17956995964050293,-0.06,0.06,-0.14,0.16
0.18951106071472168,-0.1,0.0,-0.03,0.1
0.19992399215698242,-0.14,-0.05,0.03,0.15
0.23599696159362793,-0.1,-0.1,0.04,0.14
0.23792004585266113,-0.07,-0.11,0.06,0.14
0.23878884315490723,-0.09,-0.1,-0.04,0.14
0.2404019832611084,-0.13,-0.09,0.03,0.16
0.24956202507019043,-0.07,-0.06,-0.03,0.09
0.2595219612121582,0.0,-0.04,-0.14,0.14
0.2695448398590088,-0.04,0.01,-0.08,0.09
0.2798190116882324,-0.05,0.03,-0.01,0.05
0.28978991508483887,-0.02,0.05,-0.02,0.05
0.30034899711608887,0.02,0.06,-0.12,0.13
0.33620595932006836,0.03,0.04,-0.02,0.05
0.337968111038208,0.03,0.04,-0.04,0.06
0.33907389640808105,0.02,0.02,-0.04,0.04
0.3407108783721924,0.02,0.01,0.08,0.08
0.34957385063171387,0.05,-0.01,-0.03,0.05
0.359982967376709,0.06,-0.01,0.03,0.06
0.36996912956237793,0.05,-0.03,0.13,0.14
0.38012194633483887,0.03,-0.03,0.07,0.08
0.3902161121368408,0.02,-0.04,0.04,0.06
0.3999598026275635,0.01,-0.03,-0.07,0.07
0.4371941089630127,0.0,-0.02,-0.11,0.11
0.4390738010406494,-0.02,0.0,-0.09,0.09
0.44054388999938965,-0.03,0.01,0.02,0.03
0.44266295433044434,-0.04,0.02,-0.14,0.14
0.4501321315765381,-0.07,0.02,-0.01,0.07
0.4605429172515869,-0.07,0.03,0.07,0.1
0.47024083137512207,-0.03,0.02,-0.11,0.11
0.48041296005249023,-0.05,0.01,-0.05,0.07
0.49052882194519043,-0.08,0.0,0.01,0.08
0.5003108978271484,-0.07,-0.01,0.06,0.09
0.5380771160125732,-0.03,-0.02,0.01,0.03
0.539726972579956,-0.02,-0.04,0.06,0.07
0.5407278537750244,-0.01,-0.02,0.08,0.08
0.5423619747161865,0.01,-0.01,-0.02,0.02
0.550433874130249,0.0,0.01,-0.09,0.09
0.561028003692627,-0.01,0.03,-0.18,0.18
0.5707359313964844,0.0,0.03,-0.1,0.1
0.5808207988739014,0.05,0.03,0.04,0.07
0.5908269882202148,0.09,0.02,-0.04,0.1
0.6007099151611328,0.07,0.0,-0.05,0.08
0.638375997543335,0.01,-0.02,0.04,0.04
0.6402270793914795,0.0,-0.03,0.07,0.07
0.6416139602661133,0.02,-0.03,-0.03,0.04
0.6430790424346924,0.03,-0.03,0.09,0.09
0.6507670879364014,0.06,-0.02,0.06,0.08
0.6614179611206055,0.07,-0.02,0.03,0.07
0.6710970401763916,0.04,-0.01,0.06,0.07
0.6811749935150146,0.01,0.0,0.02,0.02
0.6913130283355713,0.0,0.01,-0.07,0.07
0.700995922088623,-0.01,0.01,-0.03,0.03
0.7369558811187744,-0.01,0.02,-0.11,0.11
0.7385649681091309,-0.02,0.01,-0.07,0.07
0.7395827770233154,-0.02,0.02,-0.05,0.05
0.74111008644104,-0.02,0.0,-0.02,0.02
0.7514259815216064,-0.04,0.0,0.02,0.04
0.761711835861206,-0.04,-0.01,-0.07,0.08
0.7715659141540527,-0.06,-0.01,-0.02,0.06
0.7815449237823486,-0.04,-0.03,-0.01,0.05
0.7915918827056885,-0.02,-0.01,0.03,0.03
0.801414966583252,0.01,-0.01,0.06,0.06
0.8379900455474854,0.03,0.0,0.01,0.03
0.8396890163421631,0.02,-0.01,0.03,0.03
0.8405840396881104,0.01,0.0,0.03,0.03
0.8419787883758545,0.02,-0.01,-0.07,0.07
0.8516199588775635,0.04,-0.01,-0.12,0.12
0.8618879318237305,0.04,0.01,-0.02,0.04
0.8719251155853271,0.07,0.01,0.0,0.07
0.8818528652191162,0.1,0.01,0.03,0.1
0.8919107913970947,0.08,0.01,-0.01,0.08
0.9017589092254639,0.07,0.0,-0.1,0.12
0.9411060810089111,0.05,-0.01,-0.06,0.07
0.942986011505127,0.04,-0.01,0.03,0.05
0.9441840648651123,0.07,-0.03,-0.03,0.08
0.9456110000610352,0.07,-0.03,0.0,0.07
0.951988935470581,0.03,-0.03,0.09,0.09
0.9621808528900146,0.03,-0.02,0.05,0.06
0.9721889495849609,0.03,-0.02,0.1,0.1
0.9821398258209229,0.05,0.01,-0.03,0.05
0.992509126663208,0.02,0.01,-0.14,0.14
1.0021378993988037,-0.01,0.01,-0.07,0.07
1.0396959781646729,-0.02,-0.01,0.02,0.03
1.0415229797363281,0.02,-0.01,0.01,0.02
1.0428059101104736,0.06,-0.02,-0.05,0.08
1.044625997543335,0.02,-0.01,-0.05,0.05
1.0523431301116943,-0.02,-0.02,0.1,0.1
1.0626649856567383,0.02,-0.02,0.04,0.04
1.0728650093078613,0.06,0.0,-0.15,0.16
1.082556962966919,0.04,0.01,-0.11,0.11
1.0926539897918701,0.02,-0.01,0.12,0.12
1.1025068759918213,0.06,0.0,0.06,0.08
1.1408698558807373,0.1,-0.01,-0.04,0.1
1.1427769660949707,0.08,-0.01,0.09,0.12
1.1440989971160889,0.07,-0.01,0.02,0.07
1.1455860137939453,0.06,-0.01,-0.12,0.13
1.1525909900665283,0.05,-0.01,-0.1,0.11
1.16286301612854,0.06,-0.01,-0.02,0.06
1.1731479167938232,0.08,-0.01,0.0,0.08
1.1829020977020264,0.08,-0.01,-0.05,0.09
1.1930789947509766,0.04,0.0,0.03,0.05
1.2028567790985107,0.04,0.0,0.0,0.04
1.2403390407562256,0.04,-0.01,-0.13,0.13
1.2420690059661865,0.01,-0.01,-0.07,0.07
1.2434508800506592,-0.02,-0.01,0.01,0.02
1.2448639869689941,-0.02,-0.02,0.0,0.02
1.2529218196868896,-0.01,-0.03,0.01,0.03
1.2633399963378906,-0.01,-0.02,0.08,0.08
1.2735459804534912,0.0,0.0,-0.02,0.02
1.283376932144165,-0.04,0.0,-0.07,0.08
1.2934930324554443,-0.05,0.02,-0.1,0.11
1.3033220767974854,-0.04,0.01,-0.12,0.12
1.340791940689087,-0.01,0.01,0.05,0.05
1.3426859378814697,0.01,0.0,0.03,0.03
1.3440139293670654,0.0,-0.02,-0.11,0.11
1.345412015914917,-0.04,-0.02,-0.03,0.05
1.3535668849945068,-0.02,-0.02,-0.04,0.04
1.3637678623199463,0.01,-0.01,-0.04,0.04
1.3737428188323975,0.03,0.0,-0.05,0.05
1.3836557865142822,0.04,0.01,-0.02,0.04
1.393967866897583,0.04,0.01,0.01,0.04
1.403752088546753,0.06,0.0,0.09,0.1
1.4411098957061768,0.09,-0.02,0.09,0.12
1.4426379203796387,0.09,-0.03,-0.01,0.09
1.4441869258880615,0.06,-0.04,0.06,0.09
1.445361852645874,0.06,-0.04,0.09,0.11
1.453988790512085,0.1,-0.03,0.01,0.1
1.4639999866485596,0.09,-0.02,0.02,0.09
1.4742391109466553,0.07,-0.01,0.01,0.07
1.484025001525879,0.03,0.0,-0.07,0.07
1.494236946105957,0.04,0.02,-0.16,0.16
1.5039420127868652,0.02,0.01,-0.1,0.1
1.5313889980316162,0.01,0.01,-0.1,0.1
1.5326290130615234,-0.02,-0.01,-0.08,0.08
1.534127950668335,-0.04,-0.02,-0.01,0.04
1.5442039966583252,-0.03,-0.02,-0.09,0.09
1.5543320178985596,-0.03,-0.03,-0.11,0.11
1.5643699169158936,-0.05,-0.02,0.1,0.11
1.5745439529418945,-0.04,-0.02,0.09,0.1
1.5846059322357178,0.0,-0.01,-0.06,0.06
1.5945088863372803,0.0,-0.01,0.06,0.06
1.6050059795379639,-0.01,0.0,0.09,0.09
1.65323805809021,0.02,-0.01,0.07,0.07
1.6551389694213867,0.04,-0.01,0.02,0.04
1.656553030014038,0.05,-0.02,-0.05,0.07
1.6585638523101807,0.02,-0.01,0.02,0.03
1.6605629920959473,0.04,-0.01,0.02,0.04
1.6646568775177002,0.06,0.0,-0.12,0.13
1.6747479438781738,0.05,0.01,-0.12,0.13
1.6848809719085693,0.04,0.01,-0.03,0.05
1.6948659420013428,0.04,0.02,0.08,0.09
1.7048540115356445,0.15,0.03,-0.44,0.46
1.7426750659942627,0.19,-0.24,-0.14,0.33
1.7444219589233398,-0.22,-0.07,1.22,1.24
1.7453949451446533,0.19,-0.19,-1.17,1.2
1.7471239566802979,-0.18,0.04,0.97,0.98
1.7549898624420166,1.16,0.54,-5.97,6.1
1.7651829719543457,-0.06,0.22,2.98,2.98
1.7752940654754639,-1.56,0.17,2.71,3.13
1.7851369380950928,-0.6,0.58,-0.59,1.02
1.7953310012817383,0.61,0.61,-0.51,1.0
1.805210828781128,0.54,-0.22,-0.28,0.64
1.8397190570831299,-0.6,-0.04,0.72,0.93
1.8415780067443848,-0.36,0.04,0.07,0.36
1.8429768085479736,0.28,-0.28,-0.71,0.81
1.8451130390167236,0.05,-0.47,-0.45,0.65
1.8553409576416016,-0.15,-0.45,0.52,0.7
1.8655409812927246,0.14,-0.42,0.31,0.54
1.875783920288086,-0.09,-0.23,0.19,0.31
1.8854610919952393,-0.19,-0.15,0.22,0.32
1.8957798480987549,0.06,-0.02,-0.03,0.06
1.9056549072265625,0.11,0.11,-0.12,0.19
1.9422428607940674,-0.23,0.34,-0.26,0.48
1.9440858364105225,-0.01,0.22,-0.34,0.4
1.9451448917388916,0.1,0.1,0.13,0.19
1.9468848705291748,0.08,-0.05,0.04,0.1
1.9558570384979248,0.1,-0.07,-0.04,0.12
1.9658069610595703,0.12,-0.04,-0.01,0.12
1.9760289192199707,0.08,0.02,-0.18,0.19
1.9857008457183838,0.1,0.03,-0.29,0.3
1.9961209297180176,0.1,-0.05,-0.11,0.15
2.006500005722046,0.0,-0.09,0.39,0.4
2.0422959327697754,0.01,-0.12,0.01,0.12
2.0441229343414307,0.05,-0.1,-0.02,0.11
2.0451109409332275,-0.01,-0.06,-0.07,0.09
2.0467541217803955,-0.02,-0.04,0.03,0.05
2.056349992752075,0.1,-0.07,0.27,0.29
2.0662710666656494,0.03,0.01,0.09,0.09
2.076415777206421,-0.03,0.04,-0.11,0.12
2.0862138271331787,-0.06,0.11,-0.13,0.18
2.096410036087036,-0.09,0.11,-0.39,0.41
2.1069281101226807,-0.09,0.06,0.02,0.1
2.1453959941864014,0.0,0.0,0.28,0.28
2.1472599506378174,-0.02,-0.05,-0.05,0.07
2.1486449241638184,-0.04,0.01,0.17,0.17
2.150298833847046,-0.01,0.02,0.2,0.2
2.1564879417419434,-0.09,0.07,-0.09,0.14
2.1666719913482666,-0.01,0.03,-0.13,0.13
2.1768767833709717,0.04,-0.02,-0.03,0.05
2.1865451335906982,0.03,-0.06,-0.02,0.06
2.196781873703003,0.0,-0.08,0.17,0.18
2.2069590091705322,-0.01,-0.05,0.24,0.24
2.243583917617798,-0.04,0.01,0.02,0.04
2.245495080947876,-0.03,0.04,-0.06,0.07
2.246975898742676,-0.04,0.05,-0.03,0.07
2.248408079147339,-0.01,0.01,-0.06,0.06
2.256873846054077,0.01,-0.01,0.07,0.07
2.2670328617095947,0.02,0.0,0.18,0.18
2.2771389484405518,0.03,0.03,0.18,0.18
2.2868969440460205,0.01,0.03,0.09,0.09
2.2972309589385986,-0.01,0.01,0.08,0.08
2.3071610927581787,-0.04,0.03,0.01,0.05
2.344733953475952,-0.02,0.05,-0.04,0.06
2.3466198444366455,-0.02,0.05,0.08,0.09
2.347822904586792,-0.03,0.03,0.2,0.2
2.349236011505127,-0.08,0.02,0.1,0.12
2.3573169708251953,-0.07,-0.01,-0.01,0.07
2.3673651218414307,-0.08,-0.03,-0.05,0.09
2.377654790878296,-0.13,0.0,-0.2,0.23
2.387420892715454,-0.14,0.02,-0.2,0.24
2.3976359367370605,-0.12,0.03,-0.09,0.15
2.407533884048462,-0.12,0.02,0.0,0.12
2.444973945617676,-0.14,0.02,-0.15,0.2
2.446668863296509,-0.1,-0.02,-0.16,0.18
2.448003053665161,-0.08,-0.03,-0.03,0.09
2.449554920196533,-0.11,0.0,-0.1,0.14
2.4576709270477295,-0.11,0.01,-0.29,0.31
2.467665910720825,-0.11,0.01,-0.25,0.27
2.4779140949249268,-0.04,0.0,-0.21,0.21
2.4876139163970947,0.01,0.04,-0.05,0.06
2.4978530406951904,-0.04,0.09,0.06,0.11
2.5078399181365967,-0.08,0.09,0.11,0.16
2.534792900085449,-0.03,0.02,0.12,0.12
2.5362489223480225,-0.04,-0.04,0.01,0.05
2.53786301612854,0.02,-0.07,-0.06,0.09
2.5479958057403564,0.05,-0.03,0.1,0.11
2.5579099655151367,0.07,0.02,0.07,0.1
2.5678329467773438,0.06,0.04,-0.04,0.08
2.578204870223999,0.08,0.04,0.04,0.09
2.588178873062134,0.09,0.0,0.06,0.1
2.5982367992401123,0.03,-0.02,0.11,0.11
2.6084039211273193,0.03,-0.08,-0.02,0.08
2.6403300762176514,-0.05,-0.06,0.01,0.07
2.641597032546997,-0.04,-0.04,0.01,0.05
2.642462968826294,-0.02,0.0,0.01,0.02
2.6482861042022705,0.02,0.03,-0.1,0.1
2.6584908962249756,0.03,0.02,-0.13,0.13
2.6684699058532715,0.14,-0.02,-0.03,0.14
2.678802967071533,2.37,-0.25,-3.0,3.83
2.6886188983917236,4.04,-0.75,8.95,9.84
2.6985909938812256,-2.06,-0.51,-2.66,3.4
2.708717107772827,-2.79,1.12,-4.1,5.08
2.746361017227173,-2.86,0.96,-0.36,3.03
2.748347043991089,-0.27,0.06,-2.26,2.27
2.7495529651641846,1.07,-0.16,0.96,1.44
2.7511799335479736,1.82,-0.65,1.97,2.75
2.7589190006256104,0.91,-0.25,1.34,1.63
2.768906831741333,-0.24,0.31,-0.23,0.45
2.779064893722534,-0.85,0.59,-1.22,1.59
2.789005994796753,-0.79,0.19,-1.01,1.29
2.798961877822876,-0.15,-0.19,-0.41,0.47
2.8090860843658447,0.42,-0.32,0.26,0.58
2.846721887588501,0.48,-0.23,0.47,0.71
2.8485610485076904,0.16,-0.07,0.52,0.54
2.849803924560547,-0.22,0.04,0.3,0.37
2.851418972015381,-0.34,0.06,0.14,0.37
2.859273910522461,-0.19,0.05,-0.11,0.22
2.8693058490753174,0.1,0.03,0.0,0.1
2.879591941833496,0.19,0.03,0.08,0.2
2.8894739151000977,0.08,0.04,0.06,0.1
2.899446964263916,-0.06,0.01,0.13,0.14
2.909698009490967,-0.13,0.01,-0.04,0.13
2.9493439197540283,-0.06,0.01,-0.21,0.21
2.9510560035705566,0.07,-0.02,-0.24,0.25
2.9523680210113525,0.15,-0.05,-0.1,0.18
2.9537808895111084,0.09,-0.01,-0.16,0.18
2.9595048427581787,-0.01,0.05,-0.2,0.2
2.969425916671753,-0.1,0.09,-0.26,0.29
2.9797089099884033,-0.11,0.07,-0.17,0.21
2.9897921085357666,-0.07,0.02,0.0,0.07
2.9997050762176514,-0.01,-0.03,0.1,0.1
3.0098087787628174,0.01,-0.05,0.18,0.18
3.0470919609069824,-0.02,-0.05,0.04,0.06
3.048733949661255,-0.06,-0.05,0.12,0.14
3.049690008163452,-0.08,-0.05,0.12,0.15
3.0510239601135254,-0.04,-0.02,0.17,0.17
3.060112953186035,0.01,0.01,0.14,0.14
3.0699198246002197,0.04,0.02,0.06,0.07
3.080242872238159,0.04,0.03,-0.01,0.05
3.090261936187744,0.02,0.04,-0.06,0.07
3.1001060009002686,-0.02,0.06,-0.12,0.13
3.11010479927063,-0.03,0.04,-0.17,0.17
3.1469218730926514,-0.01,0.01,-0.06,0.06
3.148761034011841,0.01,-0.02,-0.06,0.06
3.1499478816986084,0.01,-0.04,-0.04,0.05
3.1512749195098877,0.01,-0.06,-0.03,0.06
3.1605098247528076,-0.01,-0.05,-0.04,0.06
3.170264959335327,-0.02,-0.01,-0.01,0.02
3.180655002593994,-0.01,0.04,0.09,0.09
3.1905248165130615,0.03,0.05,0.01,0.05
3.200488805770874,0.08,0.03,0.05,0.09
3.2105600833892822,0.1,0.0,0.1,0.14
3.2474849224090576,0.1,-0.02,0.18,0.2
3.249243974685669,0.07,-0.03,0.13,0.15
3.2507131099700928,0.05,0.0,0.15,0.15
3.252061128616333,0.03,0.02,0.1,0.1
3.260701894760132,0.01,0.06,-0.01,0.06
3.270594835281372,0.01,0.08,-0.06,0.1
3.2810208797454834,0.0,0.06,-0.04,0.07
3.2907779216766357,0.01,0.07,0.02,0.07
3.300955057144165,0.0,0.0,-0.04,0.04
3.3110549449920654,-0.04,-0.03,0.1,0.11
3.347761869430542,-0.07,-0.03,0.08,0.11
3.3494389057159424,-0.08,-0.03,-0.07,0.11
3.3507089614868164,-0.08,0.01,0.0,0.08
3.3519580364227295,-0.23,0.02,-0.28,0.36
3.3612148761749268,-0.12,-0.02,-0.31,0.33
3.371076822280884,0.07,0.0,0.05,0.08
3.3814308643341064,0.02,0.0,0.11,0.11
3.391375780105591,-0.14,0.01,0.1,0.17
3.401247978210449,-0.2,0.09,0.17,0.27
3.411505937576294,-0.06,0.18,-0.12,0.22
3.448561906814575,0.14,0.03,-0.79,0.8
3.450326919555664,-0.02,0.11,-0.32,0.33
3.4517269134521484,-0.09,-0.07,0.54,0.55
3.453401803970337,0.05,0.03,-0.27,0.27
3.461603879928589,0.04,-0.12,0.09,0.15
3.4714767932891846,-0.07,-0.07,0.23,0.25
3.4816768169403076,-0.07,-0.09,-0.11,0.15
3.4915950298309326,-0.11,-0.03,0.04,0.12
3.5014960765838623,-0.1,0.0,-0.18,0.2
3.5117290019989014,-0.08,0.0,-0.14,0.16
3.5483038425445557,-0.04,0.03,0.0,0.05
3.5501821041107178,-0.07,0.03,-0.04,0.08
3.551499128341675,-0.09,0.01,0.03,0.09
3.553147077560425,-0.06,0.01,-0.01,0.06
3.5618550777435303,-0.03,0.0,-0.1,0.1
3.571877956390381,-0.02,0.0,-0.02,0.02
3.5820369720458984,-0.04,0.0,-0.13,0.13
3.592034101486206,-0.07,-0.01,-0.03,0.07
3.6019229888916016,-0.05,0.01,0.1,0.11
3.6120409965515137,-0.06,0.02,0.0,0.06
3.649568796157837,-0.11,0.02,0.0,0.11
3.651256799697876,-0.06,0.02,-0.05,0.08
3.652683973312378,-0.03,0.0,-0.05,0.05
3.6540558338165283,-0.07,0.0,-0.02,0.07
3.662146806716919,-0.1,-0.02,-0.12,0.15
3.67224383354187,-0.1,-0.03,0.01,0.1
3.6824729442596436,-0.06,-0.03,0.02,0.06
3.69242787361145,-0.03,-0.03,-0.08,0.09
3.702255964279175,-0.06,-0.03,0.09,0.11
3.712451934814453,-0.07,-0.02,-0.02,0.07
3.750027894973755,-0.04,-0.02,-0.01,0.04
3.751807928085327,-0.02,-0.01,0.05,0.05
3.7532169818878174,0.0,0.02,-0.12,0.12
3.7547860145568848,-0.04,0.01,-0.05,0.06
3.762781858444214,-0.04,0.01,0.17,0.17
3.7726171016693115,0.04,0.01,0.07,0.08
3.7828149795532227,0.06,0.0,-0.05,0.07
3.7928049564361572,-0.02,-0.01,-0.01,0.02
3.802656888961792,-0.07,0.0,0.05,0.08
3.8127710819244385,-0.02,-0.01,0.1,0.1
3.8494679927825928,0.06,-0.01,-0.09,0.1
3.8511300086975098,0.01,-0.01,-0.02,0.02
3.852431058883667,-0.05,-0.01,0.15,0.15
3.8539319038391113,-0.04,-0.02,-0.01,0.04
3.863179922103882,-0.03,-0.03,-0.02,0.04
3.8731179237365723,-0.01,-0.05,0.09,0.1
3.883155107498169,0.04,-0.03,0.05,0.07
3.8932368755340576,0.05,-0.02,-0.13,0.14
3.902987003326416,-0.01,0.0,0.0,0.01
3.913243055343628,0.0,0.01,-0.01,0.01
3.9493248462677,0.02,0.01,-0.07,0.07
3.9510958194732666,0.01,0.03,0.02,0.03
3.952310800552368,0.0,0.03,-0.06,0.06
3.953655958175659,-0.03,0.02,0.02,0.04
3.963552951812744,-0.03,0.01,0.0,0.03
3.9734909534454346,0.0,-0.01,0.01,0.01
3.9834001064300537,0.01,-0.02,0.04,0.04
3.993518114089966,0.01,-0.02,-0.05,0.05
4.003323793411255,-0.01,-0.04,-0.01,0.04
4.013678789138794,-0.02,-0.03,0.03,0.04
4.021424055099487,0.0,-0.02,0.0,0.02
4.049752950668335,-0.03,-0.01,0.04,0.05
4.051559925079346,-0.05,-0.01,0.08,0.09
4.052491903305054,-0.02,0.0,-0.09,0.09
4.060966968536377,-0.02,0.0,-0.21,0.21
4.071120977401733,-0.03,0.0,0.03,0.04
4.081309080123901,-0.04,0.01,0.11,0.11
4.091313123703003,0.0,-0.01,-0.02,0.02
4.101650953292847,0.0,0.0,-0.06,0.06
4.111257791519165,-0.01,-0.01,-0.05,0.05
4.121660947799683,0.0,-0.01,0.07,0.07
4.149132013320923,0.02,-0.01,0.08,0.08
4.150770902633667,0.06,0.0,0.19,0.19
4.151738882064819,0.11,0.02,0.01,0.11
4.161531925201416,0.11,0.01,-0.08,0.13
4.17155385017395,0.13,-0.01,0.16,0.2
4.181555986404419,0.21,-0.02,0.0,0.21
4.191594839096069,0.24,-0.03,0.07,0.25
4.201535940170288,0.22,-0.03,0.24,0.32
4.211967945098877,0.22,-0.03,0.12,0.25
4.222088098526001,0.02,0.01,-0.47,0.47
4.249483823776245,7.82,-0.77,-3.34,8.53
4.251335859298706,4.53,-0.74,12.62,13.42
4.252737998962402,-4.76,-0.75,11.72,12.67
4.261614084243774,-1.33,0.45,-5.18,5.36
4.271914958953857,-0.82,0.54,-13.58,13.61
4.28188681602478,8.79,-2.63,-10.21,13.72
4.292011022567749,4.73,-0.71,-11.48,12.43
4.301762819290161,-0.66,-0.09,-8.36,8.38
4.315979957580566,-11.47,3.51,10.5,15.94
4.353522062301636,-8.67,1.64,-14.26,16.76
4.355371952056885,-3.86,-0.99,4.94,6.34
4.356743097305298,3.03,0.99,17.07,17.36
4.358511924743652,15.22,1.24,-22.75,27.39
4.36621880531311,-0.98,-2.48,-5.39,6.01
4.376048803329468,0.14,1.59,-7.58,7.74
4.38611102104187,-4.89,0.39,15.45,16.21
4.396374940872192,-1.25,-1.55,-14.9,15.03
4.406219005584717,-4.06,-0.12,4.57,6.11
4.416528940200806,-4.39,-0.99,0.86,4.58
4.454895973205566,-4.56,-0.07,6.13,7.64
4.456648111343384,-3.13,0.66,-5.81,6.63
4.458064794540405,-1.2,0.58,-11.86,11.93
4.460263013839722,0.74,0.46,-5.57,5.63
4.466581106185913,7.62,-2.83,9.76,12.7
4.476614952087402,1.8,-0.32,8.54,8.73
4.486426115036011,0.3,-0.03,-5.78,5.78
4.496686935424805,7.28,-0.45,0.47,7.3
4.506567001342773,0.73,0.11,3.47,3.54
4.516937971115112,-2.13,-0.28,1.67,2.72
4.555763006210327,-0.98,-0.23,-6.32,6.39
4.557670831680298,2.25,-1.33,-7.55,7.98
4.559087038040161,1.91,-0.29,-6.48,6.76
4.5607569217681885,-5.98,1.63,11.58,13.13
4.5666399002075195,-6.67,0.65,-8.14,10.54
4.577034950256348,-3.22,0.81,2.96,4.44
4.586947917938232,-3.01,2.09,19.06,19.4
4.597092866897583,11.93,0.66,-25.08,27.78
4.607190847396851,5.2,-2.0,-5.94,8.14
4.617003917694092,0.1,-0.42,-2.42,2.45
4.654766798019409,-2.1,2.09,6.82,7.43
4.656677961349487,-6.29,-0.71,4.91,8.01
4.658096075057983,-1.57,0.14,-2.31,2.79
4.659832000732422,-1.0,0.02,0.55,1.14
4.666924953460693,-3.03,-0.2,1.95,3.6
4.677264928817749,-2.94,-0.16,2.14,3.63
4.687173128128052,-2.69,0.18,-0.22,2.7
4.697515964508057,7.31,-1.16,-13.11,15.05
4.7074549198150635,3.81,-0.16,9.56,10.29
4.717359781265259,-3.99,-1.01,-0.82,4.19
4.755032777786255,-1.49,-0.68,1.88,2.49
4.756842851638794,-1.95,-0.5,7.57,7.83
4.758011102676392,7.82,-1.53,-6.74,10.43
4.759676933288574,-0.77,0.3,-1.73,1.91
4.767566919326782,-1.17,-0.27,-4.31,4.47
4.77780294418335,-0.14,-0.49,0.81,0.95
4.787477970123291,-4.07,0.65,5.87,7.17
4.797869920730591,-3.42,0.48,2.32,4.16
4.807898998260498,-1.14,0.26,0.98,1.52
4.818041086196899,2.71,0.99,-1.25,3.14
4.859238862991333,6.03,0.56,-11.5,12.99
4.8611369132995605,-0.82,-0.42,-6.99,7.05
4.862136125564575,-1.56,0.78,1.48,2.28
4.863789796829224,-3.9,0.31,10.12,10.84
4.8677589893341064,-1.83,0.45,0.0,1.88
4.878196954727173,-0.55,0.53,-2.06,2.19
4.887882947921753,1.49,0.55,1.19,1.98
4.898329019546509,2.92,-0.26,-4.67,5.51
4.908231019973755,-1.21,-0.01,0.53,1.32
4.918041944503784,-0.82,-0.28,5.02,5.09
4.955151796340942,1.98,-0.61,-1.89,2.8
4.9570090770721436,-1.74,-0.28,0.71,1.9
4.958126783370972,-1.07,-0.28,-0.18,1.12
4.959665060043335,0.85,-0.79,-0.95,1.49
4.968040943145752,-1.61,-0.45,2.46,2.97
4.978790044784546,0.68,-0.62,-1.69,1.92
4.9882800579071045,0.31,-0.3,1.85,1.89
4.998463869094849,-0.06,-0.52,1.29,1.39
5.008579969406128,1.01,-0.18,-1.5,1.81
5.018301010131836,0.04,0.13,-0.46,0.47
5.055864095687866,-0.46,-0.06,0.12,0.47
5.05768084526062,-0.62,0.06,-0.26,0.67
5.059056997299194,-0.67,0.31,-0.04,0.73
5.06119704246521,-0.4,0.42,0.41,0.71
5.068666934967041,0.31,0.44,-0.49,0.72
5.078974008560181,0.81,0.52,-1.86,2.09
5.088721036911011,0.51,0.46,-1.59,1.73
5.099118947982788,-0.31,0.29,0.51,0.66
5.109032869338989,-0.76,0.21,1.1,1.35
5.118828058242798,-0.6,0.09,-0.17,0.63
5.155951976776123,-0.31,-0.08,-0.35,0.47
5.15767502784729,-0.08,-0.17,0.29,0.34
5.158705949783325,0.4,-0.33,-0.24,0.57
5.160456895828247,-0.02,-0.38,0.84,0.92
5.168805837631226,0.34,-0.47,0.3,0.65
5.179142951965332,-0.32,-0.35,0.72,0.86
5.189126968383789,-0.21,-0.3,-0.31,0.47
5.199224948883057,-0.44,-0.16,-0.23,0.52
5.209360837936401,-0.49,-0.12,-0.14,0.52
5.219135999679565,-0.38,-0.02,0.46,0.59
5.253826856613159,0.11,0.07,0.24,0.27
5.25566291809082,0.52,0.13,-0.52,0.74
5.2570109367370605,0.39,0.17,-0.52,0.67
5.259243011474609,0.07,0.18,-0.17,0.25
5.269300937652588,-0.18,0.17,-0.21,0.32
5.279606103897095,-0.44,0.14,-0.28,0.54
5.2895238399505615,-0.59,0.11,-0.04,0.6
5.299469947814941,-0.43,0.1,0.34,0.55
5.309853792190552,0.11,0.09,0.07,0.15
5.319493055343628,0.54,0.01,-0.47,0.71
5.357578992843628,0.27,-0.04,0.38,0.46
5.359462022781372,0.07,-0.13,0.66,0.67
5.360860109329224,-0.01,-0.16,-0.09,0.18
5.362518072128296,-0.35,-0.17,-0.03,0.39
5.3695969581604,-0.56,-0.18,0.11,0.59
5.380209922790527,-0.38,-0.13,-0.05,0.4
5.390033960342407,0.0,-0.09,0.05,0.1
5.39998197555542,0.23,-0.04,-0.01,0.23
5.410084962844849,0.28,0.02,0.02,0.28
5.4200029373168945,0.24,0.07,-0.02,0.25
5.457726955413818,-0.01,0.07,-0.31,0.31
5.459661960601807,-0.37,0.08,-0.14,0.4
5.461076974868774,-0.57,0.06,-0.11,0.58
5.462935924530029,-0.54,0.05,-0.17,0.56
5.469909906387329,-0.28,0.06,0.02,0.28
5.480491876602173,0.13,0.04,-0.16,0.21
5.490355968475342,0.29,0.01,-0.08,0.3
5.500471830368042,0.14,-0.02,0.3,0.33
5.510623931884766,0.01,-0.07,0.15,0.16
5.5202789306640625,-0.21,-0.07,-0.08,0.23
5.558366060256958,-0.44,-0.08,0.08,0.45
5.559858083724976,-0.46,-0.07,-0.09,0.47
5.560808897018433,-0.22,-0.07,0.02,0.23
5.562387943267822,0.09,-0.05,0.11,0.15
5.570514917373657,0.28,-0.03,0.02,0.28
5.58083701133728,0.31,-0.03,0.27,0.41
5.590842008590698,0.21,-0.01,0.05,0.21
5.600724935531616,-0.04,0.01,-0.2,0.2
5.61075496673584,-0.29,0.02,-0.12,0.31
5.620632886886597,-0.39,0.05,-0.17,0.42
5.657809019088745,-0.32,0.06,-0.1,0.34
5.659266948699951,-0.06,0.05,0.07,0.1
5.660259962081909,0.2,0.04,-0.1,0.22
5.662037134170532,0.21,0.01,0.06,0.21
5.670578956604004,0.1,-0.02,0.26,0.27
5.681174039840698,-0.06,-0.06,0.03,0.09
5.691070795059204,-0.31,-0.08,-0.03,0.32
5.7011120319366455,-0.46,-0.09,-0.01,0.46
5.711261034011841,-0.39,-0.08,-0.09,0.4
5.720922946929932,-0.17,-0.06,0.03,0.18
5.758616924285889,0.07,-0.02,0.08,0.1
5.760477781295776,0.2,0.0,0.12,0.23
5.761804819107056,0.18,0.02,0.06,0.19
5.763532876968384,0.01,0.02,-0.05,0.05
5.7710630893707275,-0.23,0.02,-0.1,0.25
5.781505823135376,-0.39,0.02,-0.19,0.43
5.791482925415039,-0.41,0.02,-0.12,0.42
5.801526784896851,-0.25,0.02,-0.05,0.25
5.811553955078125,0.03,0.0,-0.08,0.08
5.8213210105896,0.18,0.0,0.06,0.18
5.8592140674591064,0.18,-0.02,0.11,0.21
5.860865831375122,0.07,-0.03,-0.02,0.07
5.8618857860565186,-0.14,-0.05,-0.12,0.19
5.863446950912476,-0.32,-0.05,-0.09,0.33
5.87158989906311,-0.38,-0.04,-0.01,0.38
5.881750822067261,-0.24,-0.03,0.04,0.24
5.891844034194946,-0.01,-0.02,0.04,0.04
5.901758909225464,0.18,0.0,0.06,0.18
5.911823034286499,0.23,0.0,0.08,0.24
5.92184591293335,0.15,0.0,0.08,0.17
5.963284969329834,-0.05,0.01,0.09,0.1
5.965289831161499,-0.25,0.02,0.0,0.25
5.966286897659302,-0.35,0.02,-0.08,0.35
5.967890977859497,-0.3,0.02,-0.03,0.3
5.971742868423462,-0.09,0.02,-0.07,0.11
5.9823291301727295,0.06,0.01,-0.04,0.07
5.992098093032837,-0.16,-0.02,-0.05,0.16
6.0020458698272705,-0.26,-0.03,0.19,0.32
6.0122740268707275,-0.12,-0.04,-0.14,0.18
6.021974802017212,-0.01,-0.05,-0.23,0.23
6.059690952301025,-0.1,-0.04,-0.01,0.1
6.061336994171143,-0.22,-0.04,-0.08,0.23
6.062340974807739,-0.26,-0.03,0.01,0.26
6.06386399269104,-0.2,-0.02,-0.03,0.2
6.07249903678894,-0.23,-0.01,-0.35,0.41
6.082689046859741,-0.33,0.0,0.26,0.42
6.092796087265015,-0.16,-0.01,0.28,0.32
6.102515935897827,0.06,0.01,-0.29,0.29
6.11272406578064,0.02,0.02,-0.04,0.04
6.122536897659302,-0.12,0.02,0.02,0.12
6.158479928970337,-0.22,0.03,-0.07,0.23
6.160360097885132,-0.17,0.03,0.01,0.17
6.161492109298706,-0.09,0.0,-0.07,0.11
6.162915945053101,-0.09,0.0,0.03,0.09
6.172651052474976,-0.1,-0.02,0.13,0.16
6.182959794998169,-0.11,-0.04,-0.03,0.12
6.192929029464722,-0.13,-0.04,-0.22,0.25
6.202884912490845,-0.2,-0.04,-0.02,0.2
6.213099956512451,-0.23,-0.04,0.12,0.26
6.222985029220581,-0.2,-0.05,0.12,0.23
6.259895086288452,-0.15,-0.05,0.03,0.16
6.26138710975647,-0.17,-0.04,0.07,0.18
6.262387990951538,-0.2,-0.04,0.01,0.2
6.26396107673645,-0.19,-0.02,-0.03,0.19
6.273000001907349,-0.15,-0.02,0.12,0.19
6.283296823501587,-0.09,0.0,-0.07,0.11
6.29334282875061,-0.06,0.0,-0.17,0.18
6.303208112716675,-0.09,0.02,0.03,0.09
6.313474893569946,-0.1,0.03,0.17,0.19
6.323568105697632,-0.03,0.02,0.08,0.08
6.359230995178223,0.01,0.02,-0.03,0.03
6.360570907592773,-0.01,0.02,-0.09,0.09
6.361522912979126,-0.09,-0.01,0.01,0.09
6.363174915313721,-0.14,-0.03,0.18,0.23
6.373594045639038,-0.15,-0.05,0.09,0.18
6.383754014968872,-0.13,-0.07,0.05,0.15
6.393842935562134,-0.1,-0.09,0.19,0.23
6.403553009033203,-0.07,-0.08,0.22,0.24
6.413872957229614,-0.07,-0.06,-0.11,0.14
6.423770904541016,-0.14,-0.06,0.0,0.15
6.46146297454834,-0.19,-0.05,0.14,0.24
6.463408946990967,-0.15,-0.03,-0.09,0.17
6.464792966842651,-0.09,-0.01,-0.07,0.11
6.466387987136841,-0.02,0.0,0.11,0.11
6.47383189201355,0.01,0.01,0.05,0.05
6.484093904495239,0.01,0.02,-0.12,0.12
6.494235992431641,-0.03,0.03,-0.03,0.05
6.503974914550781,-0.07,0.03,-0.03,0.08
6.514207124710083,-0.09,0.01,0.01,0.09
6.5240538120269775,-0.07,0.01,0.01,0.07
6.561372995376587,-0.08,0.01,-0.06,0.1
6.563186883926392,-0.1,-0.03,0.09,0.13
6.564421892166138,-0.12,-0.04,0.13,0.18
6.566158056259155,-0.14,-0.06,-0.01,0.15
6.57433295249939,-0.18,-0.06,0.08,0.2
6.5844810009002686,-0.2,-0.07,0.11,0.23
6.594558000564575,-0.17,-0.06,0.03,0.18
6.604334115982056,-0.15,-0.07,-0.06,0.17
6.614621877670288,-0.1,-0.06,0.09,0.14
6.624395132064819,-0.03,-0.06,0.13,0.14
6.6639909744262695,0.0,-0.03,-0.07,0.07
6.665878057479858,0.0,-0.01,-0.06,0.06
6.667165994644165,-0.03,0.0,0.13,0.13
6.668739080429077,-0.01,0.01,0.14,0.14
6.67457389831543,0.07,0.05,-0.03,0.09
6.684641122817993,0.07,0.07,-0.22,0.24
6.695004940032959,0.01,0.06,-0.18,0.19
6.704687833786011,-0.04,0.04,0.22,0.22
6.714919805526733,-0.01,0.01,0.09,0.09
6.724869012832642,0.03,-0.04,-0.13,0.13
6.762562990188599,-0.03,-0.08,0.1,0.13
6.764023065567017,-0.09,-0.09,0.15,0.19
6.765111923217773,-0.11,-0.09,-0.01,0.14
6.766387939453125,-0.1,-0.1,0.15,0.2
6.774924993515015,-0.08,-0.06,0.04,0.1
6.785205125808716,-0.04,-0.05,-0.23,0.23
6.795357942581177,-0.04,-0.03,0.11,0.12
6.805155038833618,0.0,-0.01,0.32,0.32
6.815046072006226,0.08,0.0,0.09,0.12
6.82529091835022,0.15,0.01,0.05,0.15
6.862776041030884,0.18,0.03,-0.04,0.18
6.864213943481445,0.12,0.03,-0.19,0.22
6.865216016769409,-0.02,0.0,-0.1,0.1
6.866756916046143,-0.07,0.0,0.21,0.22
6.87526798248291,0.06,-0.01,0.18,0.19
6.885472059249878,0.22,-0.02,-0.05,0.22
6.895765066146851,0.22,-0.02,-0.15,0.26
6.905419111251831,0.12,-0.06,0.05,0.14
6.915761947631836,0.13,-0.07,0.44,0.46
6.92566704750061,0.21,-0.06,-0.36,0.42
6.962933778762817,7.51,-0.75,-3.15,8.17
6.96439790725708,5.55,-0.91,9.03,10.63
6.96547794342041,-5.7,-0.42,16.57,17.52
6.967129945755005,-0.38,0.65,-5.52,5.57
6.975665807723999,4.4,-3.04,-13.19,14.23
6.985867977142334,6.17,0.56,-15.38,16.58
6.996239900588989,4.44,1.38,-15.17,15.86
7.00574803352356,-8.58,-1.22,9.07,12.54
7.015990972518921,-6.03,1.79,-12.5,13.99
7.02616286277771,-3.72,1.92,-9.75,10.61
7.0632359981536865,-7.24,0.89,9.26,11.78
7.06524395942688,-7.17,-0.26,1.64,7.35
7.066637992858887,-2.26,-0.34,-4.64,5.17
7.068318128585815,1.57,-0.46,-7.96,8.12
7.076249837875366,4.86,-0.77,-15.22,15.99
7.086175918579102,2.14,1.63,-2.74,3.83
7.096646070480347,3.36,-0.51,24.35,24.58
7.106000900268555,6.46,-0.1,-2.29,6.85
7.116548776626587,6.89,0.3,-10.39,12.47
7.12641978263855,-3.07,-0.87,13.73,14.09
7.164223909378052,-1.73,-1.44,14.4,14.57
7.166056871414185,-1.15,1.42,-8.53,8.72
7.167426824569702,1.42,-0.71,-16.6,16.67
7.169187784194946,4.49,1.09,-13.54,14.3
7.17631983757019,3.39,0.1,-8.42,9.07
7.18647313117981,-6.37,-2.03,13.39,14.96
7.196882963180542,-6.79,-0.92,-7.23,9.96
7.2065770626068115,-5.63,1.53,-7.26,9.31
7.216825008392334,-3.3,-0.37,21.26,21.51
7.226848840713501,2.95,-2.07,2.53,4.4
7.2645580768585205,12.67,0.9,-23.97,27.12
7.266568899154663,-3.25,-1.24,-9.94,10.53
7.267969846725464,0.33,0.48,-4.84,4.87
7.269635915756226,-5.51,1.04,12.67,13.85
7.276735067367554,-4.25,-0.26,-14.97,15.56
7.286885976791382,-3.82,1.02,-8.1,9.01
7.297250986099243,-1.02,0.48,20.14,20.17
7.30698299407959,-1.76,0.59,10.36,10.52
7.3172080516815186,7.64,-0.45,-24.4,25.57
7.327237844467163,1.02,-0.99,-14.5,14.56
7.363560914993286,0.43,3.9,-7.22,8.21
7.365031003952026,-1.38,-2.42,11.71,12.03
7.366025924682617,-10.95,0.16,28.2,30.25
7.3676369190216064,1.23,-0.04,-4.32,4.49
7.377223968505859,15.35,-1.31,-19.1,24.53
7.387269973754883,-2.44,0.67,0.81,2.65
7.397430896759033,-0.45,-0.56,-2.15,2.26
7.407357931137085,0.52,-0.14,1.22,1.33
7.41750693321228,-4.89,0.0,5.49,7.35
7.427470922470093,-3.81,0.05,-0.02,3.81
7.465260982513428,-0.88,-0.24,-0.23,0.94
7.466689825057983,-3.09,0.09,2.56,4.01
7.467706918716431,-3.88,-0.14,4.36,5.83
7.469379901885986,-1.56,-0.77,1.42,2.24
7.477500915527344,8.74,1.8,-16.52,18.77
7.487590074539185,0.47,0.58,-6.82,6.86
7.498024940490723,-1.57,-1.13,5.48,5.81
7.507704019546509,-3.91,0.49,17.2,17.64
7.517865896224976,2.6,0.33,-3.45,4.33
7.527897119522095,7.29,-0.22,-14.19,15.95
7.565656900405884,-3.17,0.56,-0.01,3.21
7.567202806472778,-2.36,-0.8,4.26,4.93
7.568188905715942,-1.65,0.03,-0.47,1.71
7.569799900054932,-1.15,-0.05,-1.3,1.73
7.577955961227417,-3.45,0.06,4.98,6.05
7.58801007270813,-2.87,-0.28,7.57,8.1
7.598307847976685,9.19,-1.46,-9.18,13.07
7.608274936676025,2.65,0.43,-6.59,7.11
7.6181910037994385,-2.8,-0.29,2.87,4.02
7.628400087356567,-2.84,-0.11,7.6,8.11
7.665777921676636,-1.59,-0.08,-0.33,1.62
7.667277097702026,-0.88,-0.14,-3.71,3.81
7.668193101882935,-0.7,0.24,-1.5,1.67
7.669871091842651,-0.19,0.81,3.08,3.19
7.678252935409546,1.54,0.62,-2.56,3.05
7.688208818435669,1.9,0.41,-5.2,5.55
7.698747873306274,0.85,0.58,1.28,1.64
7.708516836166382,0.17,0.15,2.74,2.74
7.7186689376831055,-0.39,0.1,-0.47,0.61
7.728734970092773,-0.93,0.04,0.02,0.93
7.766257047653198,-0.89,-0.02,-1.22,1.51
7.768114805221558,-0.7,-0.24,0.45,0.86
7.7690749168396,1.13,-0.61,1.16,1.73
7.77070689201355,0.32,-0.24,1.33,1.38
7.778817892074585,1.46,-0.64,-1.3,2.05
7.7886998653411865,0.25,-0.34,2.55,2.58
7.799147844314575,-0.4,-0.52,0.34,0.73
7.809022903442383,0.12,-0.26,-1.65,1.67
7.818933010101318,-0.79,-0.17,-0.52,0.96
7.829148054122925,-0.93,-0.23,-1.46,1.74
7.8664939403533936,-1.33,0.06,3.17,3.43
7.868459939956665,0.05,0.24,2.19,2.2
7.869868040084839,2.15,0.34,-3.63,4.23
7.871896982192993,1.25,0.46,-2.98,3.26
7.879101037979126,-0.3,0.31,1.52,1.58
7.888983964920044,-0.78,0.19,1.6,1.79
7.899399995803833,-0.75,0.24,-1.14,1.38
7.9093568325042725,-0.72,0.17,-2.3,2.41
7.919302940368652,-0.82,0.02,0.84,1.17
7.929571866989136,-0.15,0.03,2.59,2.59
7.966887950897217,1.44,0.02,-2.42,2.81
7.968387842178345,1.04,-0.09,-0.52,1.16
7.969397783279419,0.16,-0.22,2.33,2.34
7.971040964126587,0.13,-0.17,-0.49,0.53
7.979506969451904,-0.28,-0.16,-1.08,1.12
7.989392995834351,-0.89,-0.2,0.34,0.97
7.9999048709869385,-0.83,-0.18,-0.29,0.89
8.009606122970581,-0.31,-0.18,1.26,1.31
8.016885042190552,0.82,-0.11,0.21,0.85
8.027107000350952,1.02,-0.01,-0.7,1.23
8.037178993225098,0.51,0.01,1.16,1.26
8.062689065933228,0.33,0.07,0.01,0.33
8.064507007598877,-0.15,0.09,-0.94,0.95
8.067181825637817,-0.73,0.04,-0.13,0.74
8.077378034591675,-0.92,0.08,-0.39,1.0
8.087384939193726,-0.8,0.16,0.76,1.11
8.097616910934448,0.3,0.18,0.68,0.76
8.10755181312561,1.37,0.15,-1.87,2.32
8.117576837539673,0.6,0.08,-0.05,0.6
8.12798810005188,0.05,-0.02,1.5,1.5
8.137819051742554,0.09,-0.03,-0.58,0.58
8.166541814804077,-0.42,-0.08,-0.84,0.94
8.167990922927856,-0.94,-0.14,0.09,0.95
8.168966054916382,-0.87,-0.16,0.47,1.0
8.177794933319092,-0.02,-0.09,0.33,0.34
8.187713861465454,0.86,-0.06,-0.51,1.0
8.197909116744995,0.62,-0.04,0.04,0.62
8.207824945449829,0.34,-0.03,0.75,0.82
8.217817068099976,0.3,0.02,-0.51,0.59
8.22783899307251,-0.26,0.0,-0.51,0.57
8.238220930099487,-0.76,-0.04,-0.04,0.76
8.269675016403198,-0.82,0.0,-0.12,0.82
8.271573781967163,-0.4,0.06,0.48,0.62
8.272634983062744,0.57,0.11,0.03,0.58
8.277969121932983,0.99,0.13,-0.91,1.35
8.287959814071655,0.48,0.11,0.6,0.77
8.298281908035278,0.27,0.06,0.42,0.5
8.308380842208862,0.03,0.04,-0.72,0.72
8.319633960723877,-0.5,-0.03,-0.2,0.53
8.3296959400177,-0.81,-0.09,0.14,0.82
8.367357015609741,-0.56,-0.11,0.36,0.67
8.368830919265747,0.26,-0.09,0.27,0.38
8.369841814041138,0.79,-0.08,-0.44,0.9
8.371468782424927,0.5,-0.08,0.43,0.66
8.379739046096802,0.39,-0.06,0.59,0.7
8.389836072921753,0.17,-0.01,-0.53,0.55
8.400081872940063,-0.42,-0.02,-0.09,0.43
8.410072088241577,-0.74,-0.03,-0.02,0.74
8.419915914535522,-0.67,0.01,-0.05,0.67
8.430069923400879,-0.14,0.06,0.35,0.38
8.466782808303833,0.59,0.09,-0.35,0.69
8.468231916427612,0.7,0.08,-0.38,0.8
8.469222784042358,0.4,0.05,0.57,0.69
8.470784902572632,0.25,0.03,-0.14,0.28
8.480084896087646,-0.17,0.02,-0.43,0.46
8.489972829818726,-0.59,-0.03,-0.23,0.63
8.500538110733032,-0.71,-0.05,-0.24,0.75
8.510303974151611,-0.37,-0.04,0.26,0.45
8.520180940628052,0.34,-0.02,0.1,0.35
8.530515909194946,0.64,-0.05,-0.34,0.72
8.567335844039917,0.41,-0.07,0.65,0.77
8.568803071975708,0.35,-0.06,0.25,0.43
8.569844961166382,0.02,-0.04,-0.49,0.49
8.571443796157837,-0.49,-0.07,0.18,0.52
8.580466985702515,-0.66,-0.04,-0.11,0.67
8.5904381275177,-0.49,0.0,-0.14,0.5
8.600815057754517,0.02,0.07,0.2,0.21
8.610769033432007,0.6,0.08,-0.4,0.72
8.620609998703003,0.57,0.08,0.06,0.57
8.63063097000122,0.38,0.06,0.44,0.58
8.66678786277771,0.2,0.04,-0.41,0.45
8.668229818344116,-0.25,0.02,-0.19,0.31
8.669243097305298,-0.56,-0.03,-0.1,0.56
8.670751810073853,-0.56,-0.04,-0.23,0.6
8.680835008621216,-0.2,-0.04,0.21,0.29
8.690825939178467,0.39,-0.02,0.01,0.39
8.701146841049194,0.54,-0.03,-0.17,0.56
8.711107015609741,0.37,-0.04,0.62,0.72
8.720980882644653,0.29,-0.04,0.11,0.31
8.73123288154602,-0.46,-0.05,-1.58,1.64
8.768861055374146,-1.12,-0.06,0.79,1.37
8.770352125167847,-0.53,0.0,2.08,2.14
8.771338939666748,1.09,0.06,-2.66,2.87
8.772942781448364,0.4,0.08,-0.79,0.88
8.781136989593506,-0.63,-0.02,2.08,2.17
8.791307926177979,-0.29,0.03,-0.04,0.29
8.80147910118103,0.24,0.06,-1.15,1.17
8.811437845230103,0.09,0.01,0.15,0.17
8.821350812911987,-0.14,-0.01,0.44,0.46
8.831467866897583,-0.04,-0.01,-0.04,0.05
8.86931586265564,0.12,-0.02,0.01,0.12
8.870807886123657,0.05,-0.02,-0.21,0.21
8.871748924255371,-0.24,-0.02,-0.08,0.25
8.873267889022827,-0.37,-0.04,0.43,0.56
8.88146710395813,-0.15,-0.03,0.06,0.16
8.89171290397644,0.09,-0.02,-0.39,0.4
8.90197491645813,0.07,-0.01,-0.06,0.09
8.911863088607788,-0.1,-0.01,0.01,0.1
8.921694040298462,-0.21,0.0,0.0,0.21
8.931856870651245,-0.12,0.01,0.17,0.2
8.968444108963013,0.07,0.0,-0.28,0.28
8.969862937927246,0.06,0.03,-0.32,0.32
8.97085690498352,-0.06,0.02,0.17,0.18
8.972486972808838,-0.11,0.01,0.19,0.21
8.98195481300354,-0.08,0.02,-0.03,0.08
8.992089033126831,-0.05,0.0,0.04,0.06
9.002354860305786,-0.01,0.0,-0.03,0.03
9.012147903442383,-0.04,-0.01,-0.11,0.11
9.022125959396362,-0.09,-0.02,0.06,0.11
9.032222032546997,-0.07,-0.03,0.28,0.29
9.071314096450806,0.0,-0.03,-0.05,0.05
9.072663068771362,0.01,-0.02,-0.05,0.05
9.073435068130493,-0.02,-0.03,0.12,0.12
9.0746009349823,-0.04,-0.02,-0.07,0.08
9.082331895828247,-0.09,0.0,-0.03,0.09
9.092288970947266,-0.1,0.0,0.07,0.12
9.102411031723022,-0.04,-0.01,0.06,0.07
9.112330913543701,0.02,0.0,-0.02,0.02
9.122388124465942,0.05,-0.02,-0.05,0.07
9.132797002792358,0.02,-0.02,0.03,0.04
9.16886305809021,-0.03,-0.03,0.04,0.05
9.170328855514526,-0.07,-0.03,-0.02,0.07
9.171282052993774,-0.09,-0.01,-0.01,0.09
9.172856092453003,-0.06,0.0,0.08,0.1
9.182780027389526,-0.02,0.01,0.06,0.06
9.192877054214478,0.0,0.02,-0.11,0.11
9.202873945236206,0.01,0.0,-0.05,0.05
9.21299695968628,-0.04,-0.02,0.04,0.06
9.222781896591187,-0.09,-0.02,0.09,0.12
9.23296594619751,-0.09,-0.03,0.02,0.09
9.268857955932617,-0.05,-0.04,-0.04,0.07
9.27027678489685,-0.01,-0.02,-0.08,0.08
9.271236896514893,-0.01,-0.02,0.05,0.05
9.27282190322876,0.01,-0.02,0.16,0.16
9.283107995986938,0.04,0.0,-0.03,0.05
9.2931649684906,0.07,0.0,0.03,0.07
9.303262948989868,0.09,0.0,0.13,0.15
9.313153982162476,0.1,-0.01,-0.03,0.1
9.323105096817017,0.07,-0.01,-0.08,0.1
9.333336114883423,0.02,-0.01,0.19,0.19
9.373310804367065,0.03,-0.01,0.08,0.08
9.375550985336304,0.04,-0.01,-0.03,0.05
9.376795053482056,0.02,-0.03,0.04,0.05
9.378623962402344,0.0,-0.04,-0.06,0.07
9.383243799209595,-0.06,-0.03,-0.02,0.06
9.393446922302246,-0.09,-0.03,0.03,0.09
9.403496026992798,-0.07,-0.03,0.07,0.1
9.413672924041748,-0.04,-0.01,-0.05,0.06
9.423667907714844,-0.03,-0.01,-0.12,0.12
9.433701992034912,-0.06,0.0,-0.14,0.15
9.472340822219849,-0.11,0.0,-0.12,0.16
9.473836898803711,-0.12,-0.01,0.18,0.21
9.474759817123413,-0.04,-0.01,0.11,0.11
9.47623896598816,0.02,-0.01,-0.2,0.2
9.483816862106323,0.0,0.0,-0.09,0.09
9.493793964385986,-0.06,0.01,0.14,0.15
9.50388503074646,-0.05,0.02,0.04,0.06
9.514125108718872,-0.02,0.03,-0.08,0.08
9.523925065994263,-0.01,0.02,-0.06,0.06
9.534054040908813,-0.02,0.0,-0.1,0.1
9.574183940887451,-0.05,-0.03,-0.03,0.06
9.576040029525757,-0.07,-0.05,0.17,0.19
9.577041864395142,-0.03,-0.06,-0.01,0.06
9.57871413230896,0.0,-0.06,-0.13,0.14
9.584059953689575,0.01,-0.04,0.09,0.09
9.594491958618164,0.03,-0.04,0.02,0.05
9.60464882850647,0.01,-0.02,0.01,0.02
9.614581823348999,0.0,0.01,0.0,0.01
9.624555826187134,0.01,0.01,-0.14,0.14
9.634387969970703,0.03,0.01,0.1,0.1
9.673804998397827,0.07,0.02,0.18,0.19
9.675326108932495,0.08,0.01,0.01,0.08
9.676294088363647,0.04,0.02,-0.07,0.08
9.677794933319092,-0.02,0.01,-0.12,0.12
9.684316873550415,-0.04,0.02,0.05,0.06
9.694859981536865,0.0,0.01,0.05,0.05
9.704764127731323,0.03,0.0,-0.02,0.03
9.7149498462677,0.01,-0.02,-0.02,0.03
9.724690914154053,-0.08,-0.02,-0.04,0.09
9.734787940979004,-0.12,-0.03,-0.07,0.14
9.773042917251587,-0.11,-0.05,0.15,0.19
9.77445101737976,-0.04,-0.04,0.08,0.09
9.775360822677612,0.01,-0.04,-0.25,0.25
9.776819944381714,-0.02,-0.04,-0.12,0.12
9.784869909286499,-0.08,-0.03,0.19,0.2
9.795099973678589,-0.04,-0.03,0.24,0.24
9.805065870285034,0.1,-0.02,0.15,0.18
9.815146923065186,0.19,-0.01,-0.1,0.21
9.825289964675903,0.14,0.03,-0.23,0.27
9.835140943527222,0.02,0.03,0.04,0.05
9.871989965438843,0.02,0.03,0.28,0.28
9.873239994049072,0.17,0.03,0.13,0.21
9.874122858047485,0.31,0.0,-0.13,0.33
9.875291109085083,0.34,0.0,-0.06,0.34
9.885342836380005,0.24,0.0,-0.11,0.26
9.8954918384552,0.09,-0.03,-0.06,0.11
9.90544581413269,0.08,-0.06,0.56,0.56
9.91556191444397,0.23,-0.07,0.04,0.24
9.925616979598999,0.29,-0.08,-0.19,0.35
9.935630083084106,0.26,-0.06,0.06,0.27
9.974211931228638,0.24,-0.09,0.13,0.28
9.975724935531616,1.35,0.0,-2.48,2.82
9.976732969284058,13.64,-1.12,3.87,14.22
9.978377103805542,-1.72,-0.89,14.43,14.55
9.985438108444214,-4.79,0.47,10.24,11.31
9.99593997001648,3.7,-2.27,-11.63,12.41
10.005857944488525,6.58,-1.5,-14.64,16.12
10.01602578163147,7.04,1.19,-19.71,20.96
10.026004076004028,1.73,0.99,-11.09,11.26
10.035929918289185,-10.85,-1.19,4.51,11.81
10.072958946228027,1.84,0.34,-21.68,21.76
10.074785947799683,-7.47,3.76,4.78,9.63
10.075995922088623,-7.24,2.26,6.02,9.68
10.077601909637451,-6.63,-0.33,-6.4,9.22
10.085808038711548,-0.78,-3.88,-14.2,14.74
10.096174955368042,1.88,0.48,-10.31,10.49
10.106184959411621,3.0,0.91,-9.84,10.32
10.116192102432251,1.53,0.61,-2.03,2.61
10.126491785049438,-4.95,-0.55,36.37,36.7
10.136177778244019,7.31,1.49,8.65,11.42
10.176675081253052,24.46,-1.59,-35.6,43.22
10.178087949752808,-7.13,1.24,2.24,7.57
10.179111957550049,-4.29,-0.38,19.0,19.48
10.18080997467041,-5.0,-1.13,14.24,15.13
10.186211824417114,3.19,1.86,-19.99,20.32
10.196522951126099,4.1,2.16,-17.59,18.19
10.206452131271362,-6.85,3.8,-1.38,7.95
10.216675043106079,3.4,-6.81,-1.0,7.67
10.226792097091675,-2.02,-6.1,5.01,8.14
10.23668885231018,-0.91,0.71,-12.78,12.83
10.273344993591309,-7.78,2.04,7.99,11.33
10.274681806564331,-5.9,-1.21,4.43,7.47
10.27560305595398,-3.82,-0.24,-5.02,6.31
10.277098894119263,-2.04,0.21,-6.39,6.71
10.28666090965271,0.91,0.27,-4.42,4.52
10.296635866165161,11.98,2.06,-3.04,12.53
10.306987047195435,1.91,-0.48,5.48,5.82
10.31688380241394,-0.43,1.42,-1.36,2.01
10.327070951461792,3.73,1.23,8.35,9.22
10.336863994598389,7.85,0.97,-7.5,10.9
10.373707056045532,-4.25,-0.79,3.93,5.84
10.375042915344238,-1.11,0.78,-0.19,1.36
10.37597107887268,2.38,0.73,-7.81,8.19
10.377644777297974,1.34,0.34,-9.36,9.46
10.387087106704712,-3.28,-0.68,4.45,5.56
10.397443056106567,-8.56,-0.76,-2.33,8.9
10.407218933105469,0.8,-1.08,-8.99,9.08
10.417457818984985,-2.31,0.67,11.97,12.2
10.427495002746582,-5.52,-2.57,11.24,12.78
10.437326908111572,7.13,-0.93,-20.2,21.44
10.475128889083862,8.74,1.98,5.84,10.69
10.476683855056763,1.12,0.17,-6.91,7.0
10.477593898773193,-0.34,-3.52,-5.93,6.9
10.479257822036743,-7.01,0.63,15.44,16.96
10.487497091293335,-4.79,-0.55,-4.44,6.55
10.497538805007935,-2.51,-0.08,4.56,5.2
10.507591009140015,-4.45,0.11,12.62,13.38
10.51771092414856,0.35,-1.55,-6.15,6.35
10.527740001678467,8.72,0.64,-19.82,21.66
10.537526845932007,-0.99,0.26,-8.88,8.93
10.573684930801392,-0.69,1.13,2.19,2.55
10.575845003128052,-7.17,1.16,24.45,25.5
10.576802968978882,-0.42,0.96,3.27,3.43
10.578572034835815,10.09,0.51,-19.82,22.24
10.587924003601074,3.18,1.11,-6.15,7.01
10.598262071609497,-2.87,-1.8,-2.6,4.27
10.607917070388794,-2.1,0.2,4.19,4.69
10.618138074874878,-3.69,0.46,4.36,5.73
10.628196001052856,-2.57,-0.19,1.47,2.96
10.638005018234253,-1.84,-0.12,0.87,2.03
10.680917978286743,-2.91,-0.24,4.54,5.39
10.6825110912323,1.55,-1.26,-3.18,3.75
10.683532953262329,11.29,-1.12,-4.83,12.33
10.68515396118164,-2.43,0.82,2.27,3.42
10.688085794448853,-1.56,-1.71,-2.0,3.05
10.698378801345825,-2.05,0.31,2.68,3.38
10.70841908454895,-2.67,-0.48,2.06,3.4
10.718671083450317,-1.88,-0.08,0.48,1.94
10.728652954101562,-2.28,-0.15,2.62,3.47
10.73837685585022,-1.06,-0.3,6.02,6.11
10.774134874343872,6.46,0.9,-11.29,13.03
10.77553105354309,0.72,0.49,-10.21,10.24
10.776562929153442,-0.82,0.58,0.0,1.0
10.778361082077026,-2.32,0.15,14.58,14.76
10.78879690170288,0.19,0.3,0.85,0.92
10.798780918121338,1.79,0.35,-10.03,10.19
10.80912709236145,0.04,0.57,-5.59,5.61
10.81887698173523,-1.41,-0.59,2.27,2.73
10.829039812088013,-2.52,-0.27,8.5,8.86
10.838901996612549,-0.89,0.32,1.03,1.39
10.878222942352295,4.72,-0.63,-7.16,8.59
10.880124807357788,-0.14,-0.06,2.31,2.31
10.881516933441162,-1.77,-0.33,4.24,4.6
10.883023977279663,0.54,-0.22,-1.26,1.38
10.888996839523315,0.66,-0.24,-2.57,2.66
10.899410963058472,-1.32,-0.15,-0.49,1.41
10.909395933151245,-1.18,-0.29,0.76,1.43
10.919325113296509,-1.09,-0.11,4.01,4.15
10.929301977157593,1.87,-0.29,-1.72,2.55
10.939126968383789,1.78,0.45,-4.14,4.52
10.978554964065552,-0.23,0.05,1.77,1.78
10.979978799819946,-0.38,0.05,2.44,2.46
10.980942010879517,-0.14,0.24,-2.24,2.25
10.982435941696167,-0.48,0.09,-1.88,1.94
10.989289045333862,-1.0,0.0,0.33,1.05
10.99974799156189,-1.07,0.08,2.36,2.59
11.009762048721313,0.28,0.14,0.23,0.38
11.019640922546387,1.83,0.07,-2.32,2.95
11.02974009513855,0.59,0.03,0.24,0.63
11.039570093154907,-0.33,-0.13,2.0,2.03
11.077605962753296,0.0,-0.04,-0.29,0.29
11.078980922698975,-0.24,-0.06,-1.35,1.37
11.079974889755249,-0.85,-0.08,-0.06,0.85
11.081705808639526,-0.8,-0.15,1.07,1.34
11.089711904525757,0.14,-0.14,0.58,0.61
11.10000205039978,1.15,-0.05,-1.13,1.61
11.110140085220337,0.65,-0.07,0.04,0.65
11.12003779411316,0.2,-0.14,1.01,1.03
11.130086898803711,0.16,-0.01,-0.57,0.59
11.139819860458374,-0.33,-0.05,-0.73,0.8
11.17902398109436,-0.84,-0.06,-0.08,0.84
11.180500984191895,-0.95,0.0,0.31,0.99
11.181517839431763,-0.47,0.09,0.74,0.88
11.18319296836853,0.71,0.15,-0.36,0.81
11.189934968948364,1.02,0.16,-1.17,1.56
11.200334787368774,0.2,0.06,0.75,0.77
11.210423946380615,0.02,0.02,0.65,0.65
11.220428943634033,-0.07,0.02,-0.84,0.84
11.230464935302734,-0.58,-0.07,-0.38,0.69
11.240206956863403,-0.89,-0.1,0.45,1.0
11.276540040969849,-0.51,-0.12,0.6,0.79
11.278321027755737,0.5,-0.08,-0.28,0.57
11.279316902160645,0.84,-0.04,-0.7,1.09
11.281022787094116,0.36,-0.1,0.74,0.82
11.29063105583191,0.32,-0.05,0.36,0.48
11.300727128982544,0.08,0.01,-0.75,0.75
11.310790777206421,-0.5,-0.06,-0.17,0.53
11.320718050003052,-0.77,-0.04,0.03,0.77
11.330876111984253,-0.61,-0.02,0.19,0.63
11.340506792068481,0.04,0.01,0.27,0.27
11.378731966018677,0.75,0.04,-0.57,0.94
11.380257844924927,0.56,0.06,-0.04,0.56
11.381267786026001,0.26,0.01,0.72,0.76
11.382864952087402,0.15,0.03,-0.29,0.32
11.3906729221344,-0.3,-0.01,-0.35,0.46
11.401163816452026,-0.68,-0.04,-0.06,0.68
11.411310911178589,-0.68,-0.06,0.15,0.69
11.420990943908691,-0.19,-0.06,0.41,0.45
11.43122410774231,0.55,-0.04,-0.27,0.61
11.440976858139038,0.53,-0.05,-0.1,0.54
11.47995901107788,0.34,-0.07,0.68,0.76
11.481491804122925,0.29,-0.02,-0.19,0.34
11.4824960231781,-0.16,-0.01,-0.34,0.37
11.484041929244995,-0.59,-0.04,0.06,0.59
11.491023778915405,-0.65,-0.02,-0.08,0.65
11.501554012298584,-0.37,0.01,0.15,0.39
11.511636018753052,0.25,0.04,0.1,0.27
11.52142596244812,0.63,0.05,-0.4,0.74
11.531620979309082,0.41,0.03,0.35,0.53
11.541305780410767,0.28,0.0,0.23,0.36
11.57909893989563,0.01,0.0,-0.48,0.48
11.580518007278442,-0.43,-0.05,-0.13,0.45
11.58156704902649,-0.63,-0.07,-0.1,0.64
11.583077907562256,-0.49,-0.07,0.12,0.5
11.591391801834106,0.06,-0.05,0.27,0.28
11.60179090499878,0.54,-0.02,-0.32,0.62
11.612023115158081,0.42,-0.02,0.15,0.44
11.621778964996338,0.32,-0.03,0.25,0.4
11.632162809371948,0.11,-0.01,-0.5,0.51
11.641786813735962,-0.35,-0.04,-0.04,0.35
11.68139910697937,-0.6,-0.04,-0.01,0.6
11.682708978652954,-0.57,-0.03,-0.07,0.57
11.683686017990112,-0.21,0.0,0.29,0.35
11.68508505821228,0.41,0.04,-0.22,0.46
11.691849946975708,0.52,0.04,-0.24,0.57
11.702233076095581,0.32,0.01,0.36,0.48
11.712242841720581,0.18,-0.01,-0.11,0.21
11.722095966339111,-0.21,-0.02,-0.22,0.3
11.732363939285278,-0.56,-0.07,0.08,0.57
11.742183923721313,-0.61,-0.07,-0.07,0.61
11.778237104415894,-0.32,-0.07,0.18,0.37
11.779658079147339,0.26,-0.04,0.08,0.27
11.780668020248413,0.5,-0.03,-0.21,0.54
11.782274007797241,0.33,-0.02,0.31,0.45
11.792320966720581,-0.18,-0.02,-0.55,0.57
11.802572011947632,-0.41,-0.01,0.57,0.7
11.812496900558472,0.12,-0.01,0.14,0.18
11.822451829910278,0.32,0.03,-0.94,0.99
11.832875967025757,-0.18,-0.01,0.43,0.46
11.842705965042114,-0.34,-0.02,0.37,0.5
11.878689050674438,-0.28,0.01,-0.55,0.61
11.88011384010315,-0.3,-0.01,-0.18,0.35
11.88113284111023,-0.19,-0.02,0.29,0.34
11.882799863815308,0.14,0.0,-0.05,0.14
11.892680883407593,0.27,0.01,-0.31,0.41
11.902998924255371,0.02,-0.02,0.01,0.03
11.912998914718628,-0.24,-0.05,0.27,0.36
11.92283296585083,-0.26,-0.05,0.12,0.29
11.933104991912842,-0.07,-0.06,0.12,0.15
11.94308590888977,0.04,-0.04,-0.12,0.13
11.978790044784546,-0.15,-0.03,-0.36,0.39
11.980285882949829,-0.44,-0.04,0.12,0.45
11.981281995773315,-0.43,-0.01,0.36,0.56
11.98315978050232,-0.11,0.01,0.2,0.22
11.993025064468384,0.18,0.02,-0.26,0.31
12.003273010253906,0.16,0.05,-0.39,0.42
12.013325929641724,-0.04,-0.01,0.0,0.04
12.021790981292725,-0.21,-0.01,0.01,0.21
12.03195595741272,-0.21,0.03,-0.07,0.22
12.041928052902222,-0.11,-0.03,-0.16,0.19
12.05222487449646,-0.01,-0.01,-0.17,0.17
12.077648878097534,0.02,-0.03,0.22,0.22
12.079020977020264,0.04,-0.09,0.31,0.32
12.082063913345337,0.07,-0.07,0.03,0.1
12.09201192855835,0.04,-0.05,-0.05,0.08
12.102335929870605,-0.02,-0.06,0.16,0.17
12.112634897232056,-0.03,-0.06,0.21,0.22
12.122403860092163,-0.04,-0.05,0.04,0.07
12.132534980773926,-0.04,-0.04,0.02,0.06
12.1424400806427,-0.08,-0.06,0.26,0.27
12.15293002128601,-0.06,-0.03,0.18,0.19
12.182214975357056,0.0,-0.02,0.13,0.13
12.184055089950562,0.04,0.01,-0.07,0.08
12.18499493598938,-0.01,0.02,-0.15,0.15
12.192462921142578,-0.09,0.02,-0.15,0.17
12.202675104141235,-0.15,0.03,-0.07,0.16
12.212889909744263,-0.16,0.01,-0.18,0.24
12.222648859024048,-0.18,0.0,0.01,0.18
12.232988119125366,-0.16,-0.02,0.07,0.17
12.24286699295044,-0.08,-0.06,0.03,0.1
12.253350973129272,0.01,-0.06,-0.09,0.1
12.281569957733154,0.02,-0.04,-0.21,0.21
12.282989978790283,-0.06,-0.04,-0.12,0.13
12.283910036087036,-0.09,-0.05,0.03,0.1
12.292902946472168,-0.12,-0.02,0.09,0.15
12.304177045822144,-0.09,-0.04,-0.06,0.11
12.314888000488281,-0.07,-0.04,0.21,0.22
12.324260950088501,-0.07,-0.02,0.07,0.1
12.334548950195312,-0.01,-0.03,-0.03,0.04
12.34466290473938,0.04,-0.03,0.13,0.13
12.383307933807373,0.12,-0.03,0.11,0.16
12.384756803512573,0.18,-0.04,-0.01,0.18
12.38578200340271,0.12,-0.03,0.1,0.15
12.387359857559204,0.05,-0.03,0.1,0.11
12.394934892654419,-0.01,-0.05,0.15,0.15
12.404570817947388,0.01,-0.03,-0.01,0.03
12.414971113204956,0.02,-0.04,-0.03,0.05
12.424613952636719,0.03,-0.05,0.07,0.09
12.435413122177124,0.05,-0.03,0.1,0.11
12.445008039474487,0.06,-0.03,-0.03,0.07
12.482594966888428,0.02,-0.02,-0.12,0.12
12.484108924865723,-0.06,-0.01,0.05,0.07
12.485099077224731,-0.08,-0.03,0.03,0.09
12.486791849136353,-0.06,-0.03,-0.05,0.08
12.495003938674927,-0.03,-0.02,-0.09,0.09
12.505167007446289,0.0,-0.03,-0.02,0.03
12.515599966049194,-0.02,-0.02,-0.08,0.08
12.52500605583191,-0.07,-0.01,-0.24,0.25
12.535337924957275,-0.12,0.0,-0.11,0.16
12.545382976531982,-0.09,-0.02,0.24,0.25
12.582839965820312,0.0,-0.02,-0.01,0.02
12.584205865859985,-0.01,-0.03,-0.26,0.26
12.585186004638672,-0.12,-0.03,0.12,0.17
12.586727857589722,-0.09,-0.05,0.24,0.26
12.5956130027771,0.04,-0.04,0.09,0.1
12.605525970458984,0.18,-0.05,0.12,0.22
12.615700006484985,0.33,-0.07,0.3,0.45
12.625319004058838,0.43,-0.06,0.11,0.44
12.635826826095581,0.17,0.09,-1.43,1.44
12.64581298828125,14.93,-1.09,1.37,15.03
12.683810949325562,2.65,-0.66,11.51,11.82
12.685247898101807,-6.67,-0.14,18.03,19.22
12.686170816421509,2.96,-1.78,-7.98,8.69
12.68784785270691,7.25,-3.33,-15.16,17.13
12.695734977722168,7.6,0.99,-19.66,21.1
12.70592188835144,4.85,2.91,-17.5,18.39
12.716359853744507,-11.78,-2.8,4.81,13.02
12.725826025009155,2.05,-0.56,-19.13,19.24
12.73610806465149,-5.82,5.04,4.62,8.97
12.746020078659058,-7.2,2.03,4.95,8.97
12.782231092453003,-10.48,2.01,-0.5,10.68
12.784119844436646,-1.01,-3.87,-20.11,20.5
12.785499811172485,2.18,-0.72,-11.67,11.89
12.787226915359497,3.62,0.96,-10.4,11.05
12.796027898788452,3.22,1.1,-5.41,6.39
12.806308031082153,0.3,-1.89,11.86,12.01
12.816433906555176,-13.94,0.51,43.7,45.87
12.826303005218506,24.9,-2.5,-23.71,34.47
12.836278915405273,14.14,-0.7,-14.53,20.28
12.84652590751648,-11.11,0.62,26.41,28.65
12.885893106460571,0.45,-0.09,7.72,7.73
12.887809991836548,5.39,-1.22,-24.37,24.98
12.889096975326538,4.82,1.65,-17.24,17.97
12.890703916549683,6.07,3.17,-10.98,12.94
12.896355867385864,-8.29,-5.25,8.33,12.87
12.906563997268677,4.13,-2.34,-17.34,17.97
12.916759014129639,-5.9,4.11,-0.05,7.19
12.92662787437439,-5.5,2.78,-0.86,6.22
12.936856985092163,-3.12,0.58,-1.97,3.73
12.946780920028687,2.69,-0.99,-3.02,4.16
12.984640836715698,-0.41,-0.09,-1.1,1.17
12.986040830612183,-0.95,-1.41,-3.06,3.5
12.98704195022583,-0.12,-1.67,-3.48,3.86
12.98872685432434,-1.26,-0.35,-2.29,2.63
12.996845006942749,-4.09,1.27,0.54,4.31
13.00684380531311,-6.81,-0.14,12.57,14.29
13.017216920852661,7.44,0.48,6.02,9.58
13.027107954025269,25.7,-3.41,-19.36,32.35
13.037153005599976,-6.41,0.39,1.86,6.68
13.047236919403076,-1.54,0.64,14.71,14.8
13.086396932601929,0.24,0.4,-5.31,5.33
13.08788800239563,-2.48,-0.17,4.08,4.77
13.088888883590698,-0.78,0.13,-8.03,8.06
13.090621948242188,-1.71,0.41,-1.16,2.1
13.097238779067993,-0.02,-0.45,-3.8,3.82
13.107067823410034,0.32,-0.23,-2.61,2.63
13.11775803565979,-0.97,0.85,-1.61,2.06
13.127567052841187,-2.73,0.47,-2.01,3.42
13.13750696182251,-2.33,-0.11,-1.54,2.79
13.147446870803833,-2.0,-0.25,0.1,2.01
13.183266878128052,-1.64,1.01,16.68,16.79
13.184709787368774,8.3,1.95,-12.28,14.94
13.185723066329956,11.7,0.97,-13.23,17.68
13.187453031539917,-1.81,-2.7,-2.51,4.1
13.197767972946167,-3.98,0.93,10.98,11.71
13.207623958587646,-4.77,-0.16,8.6,9.83
13.21803092956543,-0.62,-0.18,-2.77,2.84
13.227862119674683,-2.26,-0.3,4.47,5.01
13.237774133682251,-1.58,0.41,-1.04,1.93
13.247922897338867,3.44,0.08,-13.08,13.52
13.287131071090698,2.96,0.06,4.03,5.0
13.288589000701904,-3.62,-1.57,6.53,7.62
13.2896089553833,1.28,-0.92,-1.74,2.34
13.291248083114624,7.05,-0.98,-2.35,7.49
13.298056840896606,-2.14,-0.3,4.6,5.08
13.307820081710815,-0.94,-1.44,1.11,2.04
13.318392038345337,-0.76,-0.48,0.64,1.1
13.328530073165894,-0.01,-0.52,-6.31,6.33
13.338161945343018,-0.04,0.26,-7.43,7.43
13.348238945007324,-0.92,0.03,3.42,3.54
13.383694887161255,-2.54,0.77,14.42,14.66
13.385154008865356,1.65,0.46,-2.37,2.92
13.38616681098938,6.49,0.59,-11.54,13.25
13.387926816940308,0.95,0.42,-3.03,3.2
13.398410081863403,-1.32,0.24,3.19,3.46
13.408406019210815,-1.46,0.23,4.53,4.76
13.418823003768921,-0.81,-0.01,-3.97,4.05
13.428756952285767,-0.28,0.26,-6.13,6.14
13.438579797744751,-1.17,-0.05,3.35,3.54
13.448594808578491,-3.22,0.4,13.25,13.64
13.487254858016968,4.06,-0.14,-5.25,6.63
13.48877501487732,6.93,0.23,-12.85,14.6
13.489758014678955,-2.63,0.03,4.0,4.78
13.491559982299805,-2.24,-0.64,10.68,10.93
13.498798131942749,-0.54,-0.01,-0.77,0.94
13.508530855178833,1.15,-0.28,-8.89,8.96
13.519104957580566,-0.23,0.02,-4.38,4.38
13.528927087783813,-1.54,-0.7,7.9,8.07
13.538816928863525,-0.25,-0.43,5.33,5.35
13.549068927764893,3.95,-0.2,-7.93,8.86
13.585088014602661,0.55,0.12,2.43,2.49
13.58658480644226,0.23,-0.25,3.96,3.97
13.587599992752075,0.7,0.17,-2.76,2.85
13.589290857315063,-0.3,0.07,-0.99,1.03
13.599123001098633,-0.71,-0.01,-2.05,2.16
13.608927965164185,-0.78,0.03,-1.96,2.1
13.61951994895935,-1.68,0.09,5.75,5.99
13.629471063613892,-0.16,0.28,3.92,3.93
13.639250040054321,4.17,0.07,-7.05,8.19
13.649460077285767,1.76,0.46,-5.04,5.35
13.685599088668823,-0.92,-0.06,4.63,4.72
13.687079906463623,-0.86,-0.01,3.92,4.01
13.688101053237915,-0.1,0.18,-3.2,3.2
13.689716100692749,-0.19,0.09,-4.14,4.14
13.699497938156128,-0.77,-0.29,1.86,2.03
13.709205865859985,-0.26,-0.39,5.16,5.18
13.71987509727478,2.39,-0.19,-4.17,4.81
13.729933977127075,0.99,-0.2,0.44,1.1
13.739620923995972,0.67,-0.43,3.4,3.49
13.749815940856934,0.98,-0.06,-2.1,2.31
13.785753011703491,-0.11,-0.14,-0.6,0.62
13.787195920944214,-0.81,-0.1,1.18,1.43
13.788213014602661,-0.6,0.1,-2.11,2.19
13.789910078048706,-0.54,0.12,1.21,1.33
13.799949884414673,0.66,0.09,2.51,2.59
13.809921026229858,2.12,0.23,-3.5,4.09
13.820137977600098,1.02,0.17,-0.99,1.43
13.830246925354004,0.28,-0.09,2.28,2.29
13.840025901794434,0.46,-0.23,-1.64,1.71
13.850180864334106,-0.55,-0.22,0.31,0.66
13.888690948486328,-0.78,-0.19,-0.36,0.87
13.890082120895386,-0.74,-0.15,0.04,0.75
13.891137838363647,-0.28,0.01,1.97,1.98
13.892789125442505,1.66,-0.09,-1.05,1.96
13.900298833847046,1.51,0.0,-0.7,1.66
13.910125970840454,0.51,0.03,0.45,0.68
13.920597791671753,-0.08,0.04,0.77,0.77
13.9304678440094,0.02,0.03,-0.39,0.39
13.940438985824585,-0.3,0.04,-1.14,1.17
13.950532913208008,-0.48,0.18,-0.37,0.63
13.98679804801941,0.2,0.27,0.43,0.54
13.988227128982544,0.9,0.08,-0.03,0.9
13.989217042922974,0.92,0.05,0.32,0.97
13.990794897079468,0.86,-0.14,0.21,0.89
14.000684022903442,0.18,-0.28,-0.11,0.35
14.010533094406128,-0.45,-0.31,-0.49,0.73
14.020874977111816,0.28,-0.19,-0.08,0.34
14.030816793441772,0.51,-0.37,0.16,0.65
14.040714979171753,0.23,-0.15,0.37,0.46
14.050925016403198,0.43,0.01,0.31,0.53
14.087181806564331,0.31,0.1,0.1,0.34
14.08861494064331,0.07,0.24,-0.35,0.43
14.089635133743286,0.36,0.19,-0.34,0.53
14.09120798110962,0.42,0.07,-0.19,0.46
14.10106897354126,0.32,-0.12,-0.05,0.34
14.111264944076538,0.26,-0.21,0.34,0.47
14.121331930160522,0.33,-0.29,0.0,0.43
14.13125205039978,0.27,-0.21,0.05,0.34
14.141227960586548,0.19,-0.04,-0.17,0.25
14.151251077651978,0.21,0.02,-0.16,0.26
14.190306901931763,0.16,0.12,-0.21,0.28
14.191827058792114,0.16,0.11,-0.17,0.25
14.19264006614685,0.22,-0.06,-0.11,0.25
14.193712949752808,0.19,-0.12,-0.23,0.32
14.201299905776978,0.16,-0.23,-0.23,0.36
14.211815118789673,0.15,-0.1,-0.06,0.19
14.221574068069458,0.29,-0.21,-0.34,0.49
14.231562852859497,0.39,0.29,-0.32,0.58
14.241591930389404,0.36,0.18,0.24,0.46
14.251630067825317,0.34,-0.14,0.23,0.43
14.290678977966309,0.29,-0.22,0.15,0.39
14.292104959487915,0.36,-0.15,0.03,0.39
14.29292607307434,0.33,0.14,0.04,0.36
14.294084787368774,0.26,0.22,-0.04,0.34
14.301767110824585,0.28,0.25,-0.06,0.38
14.311875104904175,0.32,0.09,0.09,0.34
14.321949005126953,0.37,-0.09,0.06,0.38
14.332005977630615,0.37,-0.15,0.24,0.46
14.341892004013062,0.37,-0.11,0.41,0.56
14.352005958557129,0.28,-0.04,0.42,0.5
14.392206907272339,0.21,0.02,0.36,0.41
14.39438796043396,0.23,-0.04,0.34,0.41
14.395226955413818,0.25,-0.11,0.26,0.37
14.396780967712402,0.25,-0.12,0.21,0.34
14.402215003967285,0.26,-0.11,0.33,0.43
14.412255048751831,0.27,-0.07,0.36,0.45
14.42219591140747,0.32,-0.04,0.29,0.43
14.432212114334106,0.31,-0.02,0.34,0.46
14.442189931869507,0.32,-0.12,0.13,0.36
14.45248794555664,0.46,-0.04,-0.35,0.57
14.492218971252441,0.51,-0.24,0.27,0.62
14.494447946548462,-0.82,0.13,2.05,2.21
14.495485067367554,-0.88,0.57,-2.45,2.66
14.497509956359863,-0.24,0.22,0.46,0.56
14.502711057662964,0.8,0.65,-0.28,1.06
14.512614011764526,1.75,0.58,-5.32,5.63
14.522409915924072,0.8,0.0,-2.77,2.88
14.532647848129272,-0.67,0.15,3.33,3.4
14.542359113693237,-0.72,0.28,1.86,2.01
14.552514791488647,0.63,-0.01,-1.85,1.95
14.592997789382935,0.91,-0.27,-0.62,1.13
14.594842910766602,-0.18,-0.1,1.47,1.48
14.596023797988892,0.01,-0.51,0.33,0.6
14.597598791122437,0.24,-0.76,0.43,0.9
14.602643013000488,0.0,-0.4,1.01,1.08
14.613179922103882,0.23,-0.54,0.2,0.62
14.623223066329956,0.2,-0.38,0.38,0.57
14.633218050003052,0.54,-0.35,-0.06,0.64
14.642941951751709,0.42,-0.18,-0.07,0.46
14.653343915939331,0.26,0.0,0.13,0.29
14.693148851394653,0.33,0.1,-0.32,0.47
14.694720983505249,0.37,0.21,-0.68,0.8
14.695724964141846,0.36,0.25,-0.67,0.8
14.697220087051392,0.28,0.31,-0.64,0.76
14.703088998794556,0.18,0.31,-0.61,0.7
14.713316917419434,0.13,0.26,-0.19,0.34
14.72334885597229,0.21,0.2,0.03,0.29
14.733572959899902,0.37,0.1,-0.06,0.38
14.743330955505371,0.28,0.0,0.3,0.41
14.753458976745605,0.23,-0.11,0.42,0.49
14.79035496711731,0.25,-0.2,0.23,0.39
14.791774034500122,0.13,-0.22,0.11,0.27
14.79272198677063,0.05,-0.27,0.27,0.38
14.794366121292114,0.09,-0.26,0.3,0.4
14.803676843643188,0.14,-0.24,0.13,0.3
14.813623905181885,0.21,-0.19,0.1,0.3
14.82373595237732,0.31,-0.14,-0.04,0.34
14.83387303352356,0.33,-0.07,-0.12,0.35
14.843799829483032,0.27,-0.02,0.05,0.27
14.85382890701294,0.27,0.19,-0.55,0.64
14.892096996307373,0.23,0.12,-0.5,0.56
14.893501043319702,0.09,0.08,0.11,0.16
14.894428014755249,0.18,0.1,-0.19,0.28
14.896220922470093,0.32,0.02,-0.16,0.35
14.903960943222046,0.3,-0.03,0.18,0.35
14.914106130599976,0.31,-0.07,0.04,0.32
14.923973798751831,0.34,-0.11,0.08,0.36
14.934314012527466,0.31,-0.15,0.07,0.35
14.944207906723022,0.15,-0.18,0.16,0.28
14.954174995422363,0.09,-0.16,0.39,0.43
14.99416995048523,0.17,-0.09,0.08,0.2
14.99560809135437,0.17,0.02,-0.36,0.39
14.996527910232544,0.26,0.08,0.02,0.27
14.998065948486328,0.61,0.05,-0.01,0.61
15.004145860671997,0.54,0.0,-0.39,0.66
15.014519929885864,0.28,-0.18,-0.23,0.4
15.024629831314087,0.24,-0.45,0.21,0.55
15.034820795059204,-0.03,-0.49,1.44,1.52
15.044619798660278,-0.03,-0.22,0.25,0.33
15.054733037948608,0.06,0.09,0.1,0.14
15.092097043991089,0.27,0.31,-0.32,0.52
