time;ax (m/s^2);ay (m/s^2);az (m/s^2);aT (m/s^2)
0,008000;0,1137;-0,0365;-0,1227;0,171
0,009000;0,0095;-0,0273;-0,1816;0,184
0,016000;-0,0404;0,0022;-0,1619;0,167
0,030000;-0,0217;-0,0172;-0,2109;0,213
0,042000;-0,0306;-0,0174;-0,2404;0,243
0,047000;-0,0899;-0,0173;-0,2208;0,239
0,055000;-0,0282;-0,0246;-0,2209;0,224
0,065000;-0,0182;-0,0148;-0,2209;0,222
0,075000;-0,0182;-0,0149;-0,2013;0,203
0,087000;0,0011;-0,0051;-0,2111;0,211
0,095000;0,0011;-0,0148;-0,2111;0,212
0,106000;0,0011;-0,0148;-0,2013;0,202
0,115000;-0,0185;-0,0050;-0,1915;0,192
0,125000;-0,0283;-0,0148;-0,1915;0,194
0,138000;-0,0087;-0,0245;-0,2013;0,203
0,145000;-0,0381;-0,0147;-0,2111;0,215
0,155000;-0,0383;-0,0146;-0,2601;0,263
0,165000;-0,0585;-0,0047;-0,3385;0,344
0,182000;-0,0293;-0,0242;-0,2307;0,234
0,188000;-0,0588;-0,0144;-0,2503;0,258
0,195000;-0,0591;-0,0145;-0,1914;0,201
0,205000;-0,0495;-0,0048;-0,1914;0,198
0,215000;-0,0397;-0,0051;-0,1718;0,176
0,225000;-0,0397;-0,0149;-0,1914;0,196
0,237000;-0,0104;-0,0150;-0,2110;0,212
0,245000;-0,0005;-0,0053;-0,1914;0,191
0,255000;-0,0104;-0,0249;-0,2012;0,203
0,266000;-0,0104;-0,0152;-0,2012;0,202
0,276000;-0,0300;-0,0054;-0,2012;0,203
0,287000;-0,0399;-0,0251;-0,2110;0,216
0,295000;-0,0399;-0,0251;-0,2110;0,216
0,305000;-0,0498;-0,0251;-0,2110;0,218
0,315000;-0,0400;-0,0252;-0,2110;0,216
0,331000;-0,0206;-0,0155;-0,2110;0,213
0,337000;-0,0303;-0,0157;-0,2012;0,204
0,346000;-0,0304;-0,0063;-0,1816;0,184
0,357000;-0,0109;-0,0064;-0,2012;0,202
0,365000;-0,0110;-0,0064;-0,1620;0,162
0,375000;-0,0207;-0,0162;-0,2012;0,203
0,387000;-0,0305;-0,0064;-0,1816;0,184
0,395000;-0,0306;-0,0161;-0,2012;0,204
0,405000;-0,0305;-0,0160;-0,2012;0,204
0,415000;-0,0304;-0,0160;-0,1914;0,194
0,426000;-0,0108;-0,0159;-0,1914;0,192
0,440000;-0,0206;-0,0063;-0,2012;0,202
0,445000;-0,0207;-0,0162;-0,2110;0,213
0,456000;-0,0209;-0,0162;-0,2110;0,213
0,465000;-0,0209;-0,0260;-0,2012;0,204
0,475000;-0,0308;-0,0162;-0,1914;0,195
0,487000;-0,0308;-0,0065;-0,2012;0,204
0,495000;-0,0308;-0,0163;-0,2012;0,204
0,506000;-0,0309;-0,0163;-0,2012;0,204
0,515000;-0,0211;-0,0064;-0,2012;0,202
0,525000;-0,0213;-0,0063;-0,2012;0,202
0,537000;-0,0115;-0,0064;-0,2110;0,211
0,545000;-0,0214;-0,0063;-0,1816;0,183
0,556000;-0,0313;-0,0160;-0,2012;0,204
0,565000;-0,0215;-0,0257;-0,2012;0,204
0,575000;-0,0411;-0,0062;-0,1914;0,196
0,591000;-0,0412;-0,0160;-0,1914;0,196
0,597000;-0,0314;-0,0161;-0,2110;0,214
0,605000;-0,0412;-0,0261;-0,1914;0,198
0,615000;-0,0216;-0,0260;-0,1914;0,194
0,626000;-0,0217;-0,0161;-0,2012;0,203
0,637000;-0,0217;-0,0065;-0,2110;0,212
0,645000;-0,0218;-0,0066;-0,2110;0,212
0,656000;-0,0316;-0,0164;-0,1913;0,195
0,666000;-0,0219;-0,0067;-0,2012;0,202
0,675000;-0,0317;-0,0166;-0,1913;0,195
0,687000;-0,0317;-0,0264;-0,1913;0,196
0,695000;-0,0219;-0,0068;-0,2011;0,202
0,705000;-0,0319;-0,0166;-0,1913;0,195
0,715000;-0,0221;-0,0068;-0,2011;0,202
0,725000;-0,0318;-0,0166;-0,2011;0,204
0,738000;-0,0220;-0,0168;-0,2011;0,203
0,747000;-0,0318;-0,0168;-0,2110;0,214
0,755000;-0,0318;-0,0168;-0,2011;0,204
0,765000;-0,0318;-0,0168;-0,2011;0,204
0,775000;-0,0319;-0,0364;-0,2011;0,207
0,787000;-0,0320;-0,0169;-0,1815;0,185
0,796000;-0,0222;-0,0169;-0,2109;0,213
0,805000;-0,0223;-0,0267;-0,2109;0,214
0,816000;-0,0125;-0,0071;-0,2109;0,211
0,826000;-0,0126;-0,0168;-0,2011;0,202
0,837000;-0,0225;-0,0266;-0,2109;0,214
0,845000;-0,0421;-0,0069;-0,1815;0,186
0,855000;-0,0322;-0,0168;-0,2011;0,204
0,865000;-0,0322;-0,0070;-0,2109;0,213
0,876000;-0,0322;-0,0070;-0,1913;0,194
0,888000;-0,0225;-0,0168;-0,1913;0,193
0,895000;-0,0225;-0,0168;-0,2011;0,203
0,907000;-0,0324;-0,0362;-0,2109;0,216
0,915000;-0,0421;-0,0164;-0,2011;0,206
0,925000;-0,0420;0,0029;-0,2011;0,205
0,938000;-0,0224;-0,0068;-0,1913;0,193
0,945000;-0,0223;-0,0264;-0,2109;0,214
0,955000;-0,0127;-0,0264;-0,2109;0,213
0,965000;-0,0128;-0,0262;-0,2011;0,203
0,976000;-0,0324;-0,0164;-0,2109;0,214
0,988000;-0,0518;-0,0163;-0,1913;0,199
0,997000;-0,0322;-0,0065;-0,2011;0,204
1,006000;-0,0224;-0,0261;-0,1815;0,185
1,015000;-0,0225;-0,0260;-0,2110;0,214
1,025000;-0,0225;-0,0260;-0,2110;0,214
1,037000;-0,0128;-0,0163;-0,2011;0,202
1,045000;-0,0225;-0,0065;-0,2011;0,202
1,056000;-0,0322;0,0031;-0,2011;0,204
1,066000;-0,0224;-0,0262;-0,1913;0,194
1,075000;-0,0321;-0,0164;-0,2011;0,204
1,088000;-0,0320;-0,0260;-0,2012;0,205
1,095000;-0,0223;-0,0161;-0,2110;0,213
1,105000;-0,0126;-0,0063;-0,2011;0,202
1,115000;-0,0224;-0,0064;-0,2110;0,212
1,126000;-0,0420;-0,0259;-0,1913;0,198
1,140000;-0,0517;-0,0160;-0,1913;0,199
1,146000;-0,0223;-0,0160;-0,2012;0,203
1,155000;-0,0419;-0,0063;-0,2110;0,215
1,165000;-0,0418;-0,0063;-0,1913;0,196
1,175000;-0,0417;-0,0064;-0,2012;0,206
1,186000;-0,0319;-0,0063;-0,2012;0,204
1,195000;-0,0318;-0,0260;-0,2012;0,205
1,205000;-0,0220;-0,0161;-0,2012;0,203
1,215000;-0,0513;-0,0063;-0,2012;0,208
1,226000;-0,0414;-0,0161;-0,1815;0,187
1,238000;-0,0512;-0,0064;-0,2110;0,217
1,245000;-0,0414;-0,0163;-0,2012;0,206
1,255000;-0,0413;-0,0163;-0,2110;0,216
1,265000;-0,0217;-0,0261;-0,2110;0,214
1,275000;-0,0120;-0,0163;-0,2012;0,202
1,291000;-0,0022;0,0030;-0,1913;0,191
1,297000;-0,0023;-0,0165;-0,1913;0,192
1,306000;-0,0220;-0,0264;-0,2011;0,204
1,315000;-0,0415;-0,0068;-0,2011;0,205
1,326000;-0,0415;-0,0166;-0,2012;0,206
1,335000;-0,0414;-0,0264;-0,2110;0,217
1,345000;-0,0315;-0,0068;-0,2110;0,213
1,355000;-0,0412;-0,0165;-0,2110;0,216
1,365000;-0,0217;-0,0262;-0,2012;0,204
1,375000;-0,0021;-0,0066;-0,2110;0,211
1,387000;-0,0218;-0,0263;-0,2110;0,214
1,395000;-0,0315;-0,0067;-0,1914;0,194
1,405000;-0,0315;-0,0164;-0,1914;0,195
1,415000;-0,0411;-0,0163;-0,2012;0,206
1,425000;-0,0313;-0,0359;-0,2110;0,216
1,437000;-0,0313;-0,0162;-0,2012;0,204
1,445000;-0,0311;-0,0162;-0,2012;0,204
1,456000;-0,0116;-0,0066;-0,2012;0,202
1,466000;-0,0115;-0,0163;-0,1914;0,192
1,475000;-0,0213;-0,0065;-0,1816;0,183
1,488000;-0,0214;-0,0261;-0,1914;0,194
1,495000;-0,0506;-0,0261;-0,2110;0,219
1,505000;-0,0310;-0,0066;-0,1914;0,194
1,515000;-0,0309;-0,0162;-0,1914;0,195
1,525000;-0,0308;-0,0065;-0,2012;0,204
1,538000;-0,0308;-0,0261;-0,2012;0,205
1,546000;-0,0308;-0,0065;-0,2012;0,204
1,555000;-0,0307;-0,0163;-0,2012;0,204
1,565000;-0,0306;-0,0260;-0,1914;0,196
1,575000;-0,0598;-0,0260;-0,2012;0,212
1,585000;-0,0596;-0,0356;-0,2110;0,222
1,595000;-0,0594;-0,0257;-0,2012;0,211
1,605000;-0,0396;-0,0158;-0,2012;0,206
1,615000;-0,0297;-0,0257;-0,2012;0,205
1,626000;-0,0004;-0,0159;-0,2110;0,212
1,635000;0,0093;0,0035;-0,2110;0,211
1,645000;0,0286;-0,0161;-0,2208;0,223
1,655000;0,0088;-0,0064;-0,2012;0,201
1,665000;-0,0011;-0,0161;-0,1914;0,192
1,675000;-0,0110;-0,0160;-0,2012;0,202
1,685000;-0,0403;-0,0159;-0,1914;0,196
1,695000;-0,0499;-0,0160;-0,2110;0,217
1,708000;-0,0499;-0,0160;-0,2208;0,227
1,715000;-0,0497;-0,0160;-0,2012;0,208
1,725000;-0,0300;-0,0063;-0,2012;0,204
1,737000;-0,0396;-0,0161;-0,1914;0,196
1,745000;-0,0199;-0,0064;-0,1914;0,193
1,755000;-0,0004;-0,0163;-0,1914;0,192
1,765000;-0,0102;-0,0163;-0,1816;0,183
1,775000;-0,0200;-0,0162;-0,2012;0,203
1,788000;-0,0493;-0,0064;-0,2012;0,207
1,795000;-0,0590;-0,0260;-0,2110;0,221
1,806000;-0,0588;-0,0162;-0,1914;0,201
1,815000;-0,0879;-0,0065;-0,2012;0,220
1,826000;-0,0680;-0,0163;-0,2012;0,213
1,842000;-0,0190;0,0033;-0,1914;0,192
1,845000;0,0394;0,0130;-0,1914;0,196
1,857000;0,0096;-0,0259;-0,2110;0,213
1,866000;0,0094;-0,0550;-0,2404;0,247
1,875000;0,1163;0,0330;-0,1816;0,218
1,885000;0,0572;0,0229;-0,1914;0,201
1,895000;-0,0607;-0,0750;-0,2208;0,241
1,906000;-0,0902;-0,0553;-0,2306;0,254
1,915000;-0,1392;-0,0161;-0,2012;0,245
1,925000;-0,1001;-0,0064;-0,1816;0,207
1,935000;-0,0511;-0,0261;-0,1717;0,181
1,946000;-0,0023;-0,0163;-0,2110;0,212
1,955000;0,0465;-0,0064;-0,1913;0,197
1,965000;0,0953;0,0032;-0,1913;0,214
1,975000;0,0658;-0,0262;-0,2208;0,232
1,985000;-0,0128;-0,0262;-0,2109;0,213
1,995000;-0,0717;-0,0262;-0,1913;0,206
2,009000;-0,1202;-0,0261;-0,2110;0,244
2,015000;-0,1390;-0,0163;-0,1914;0,237
2,027000;-0,1091;0,0029;-0,1816;0,212
2,040000;-0,0597;0,0028;-0,2012;0,210
2,045000;0,0087;-0,0168;-0,2110;0,212
2,055000;0,0280;-0,0265;-0,2208;0,224
2,065000;0,0764;-0,0264;-0,2208;0,235
2,075000;0,0467;-0,0264;-0,2012;0,208
2,085000;-0,0218;-0,0165;-0,2110;0,213
2,095000;-0,0803;-0,0165;-0,2012;0,217
2,106000;-0,1091;-0,0068;-0,2012;0,229
2,115000;-0,0892;-0,0164;-0,2012;0,221
2,125000;-0,0594;-0,0261;-0,2012;0,211
2,137000;0,0089;-0,0261;-0,2012;0,203
2,145000;0,0282;0,0030;-0,2208;0,223
2,156000;0,0377;0,0029;-0,2012;0,205
2,165000;0,0081;-0,0263;-0,2110;0,213
2,175000;-0,0407;-0,0360;-0,2110;0,218
2,188000;-0,0697;-0,0261;-0,2012;0,215
2,195000;-0,0695;0,0032;-0,1816;0,194
2,205000;-0,0594;-0,0065;-0,2012;0,210
2,215000;-0,0396;-0,0163;-0,2012;0,206
2,226000;-0,0102;-0,0261;-0,2110;0,213
2,238000;0,0284;-0,0260;-0,2110;0,214
2,245000;0,0183;-0,0066;-0,2012;0,202
2,255000;-0,0207;-0,0262;-0,2012;0,204
2,266000;-0,0305;-0,0260;-0,1816;0,186
2,275000;-0,0597;-0,0063;-0,1914;0,201
2,285000;-0,0593;-0,0161;-0,1914;0,201
2,295000;-0,0493;-0,0063;-0,1914;0,198
2,305000;-0,0198;-0,0064;-0,2012;0,202
2,315000;-0,0102;-0,0258;-0,1816;0,184
2,325000;0,0091;-0,0062;-0,2012;0,202
2,335000;0,0089;-0,0160;-0,2012;0,202
2,346000;-0,0300;-0,0257;-0,2012;0,205
2,356000;-0,0494;-0,0258;-0,1914;0,199
2,365000;-0,0589;-0,0063;-0,2012;0,210
2,375000;-0,0489;-0,0162;-0,1914;0,198
2,385000;-0,0388;-0,0162;-0,2012;0,206
2,395000;-0,0192;-0,0161;-0,2012;0,203
2,409000;0,0003;-0,0064;-0,2012;0,201
2,416000;0,0196;-0,0260;-0,1914;0,194
2,426000;-0,0097;-0,0260;-0,2110;0,213
2,435000;-0,0195;-0,0260;-0,2208;0,223
2,446000;-0,0488;-0,0064;-0,2012;0,207
2,455000;-0,0485;-0,0065;-0,2012;0,207
2,465000;-0,0483;-0,0066;-0,2012;0,207
2,475000;-0,0286;-0,0162;-0,2012;0,204
2,485000;-0,0187;-0,0162;-0,2012;0,203
2,495000;0,0105;-0,0161;-0,2012;0,202
2,506000;-0,0090;-0,0162;-0,2110;0,212
2,515000;-0,0188;-0,0162;-0,2110;0,212
2,525000;-0,0383;-0,0259;-0,2110;0,216
2,535000;-0,0480;-0,0161;-0,2208;0,227
2,545000;-0,0379;-0,0162;-0,1914;0,196
2,560000;-0,0378;-0,0161;-0,2110;0,215
2,565000;-0,0376;-0,0062;-0,2012;0,205
2,575000;-0,0082;-0,0161;-0,2012;0,202
2,588000;0,0014;-0,0258;-0,1914;0,193
2,595000;-0,0084;-0,0160;-0,1914;0,192
2,606000;-0,0183;-0,0160;-0,2012;0,203
2,615000;-0,0378;-0,0160;-0,2110;0,215
2,625000;-0,0377;-0,0061;-0,2012;0,205
2,635000;-0,0278;-0,0061;-0,2012;0,203
2,645000;-0,0181;-0,0159;-0,2012;0,203
2,656000;-0,0182;-0,0353;-0,2012;0,205
2,666000;0,0109;0,0037;-0,2110;0,211
2,675000;-0,0087;-0,0157;-0,2012;0,202
2,685000;-0,0185;-0,0254;-0,1914;0,194
2,699000;-0,0186;-0,0057;-0,2012;0,202
2,708000;-0,0284;-0,0155;-0,2012;0,204
2,715000;-0,0381;-0,0155;-0,2111;0,215
2,726000;-0,0476;-0,0057;-0,1914;0,197
2,735000;-0,0377;-0,0155;-0,2013;0,205
2,746000;-0,0183;-0,0154;-0,1914;0,193
2,755000;-0,0183;-0,0152;-0,2013;0,203
2,765000;-0,0183;-0,0151;-0,2013;0,203
2,775000;-0,0280;-0,0151;-0,1915;0,194
2,785000;-0,0376;-0,0150;-0,2013;0,205
2,795000;-0,0279;-0,0150;-0,1915;0,194
2,805000;-0,0180;-0,0149;-0,2013;0,203
2,815000;-0,0182;-0,0149;-0,2111;0,212
2,826000;-0,0182;-0,0149;-0,1915;0,193
2,835000;-0,0182;-0,0149;-0,2111;0,212
2,845000;-0,0278;-0,0247;-0,2111;0,214
2,856000;-0,0180;-0,0247;-0,2111;0,213
2,865000;-0,0083;-0,0148;-0,2013;0,202
2,877000;-0,0376;-0,0049;-0,2013;0,205
2,886000;-0,0278;-0,0050;-0,2013;0,203
2,895000;-0,0277;-0,0148;-0,2013;0,204
2,907000;-0,0277;-0,0148;-0,2013;0,204
2,915000;-0,0178;0,0046;-0,1915;0,192
2,925000;-0,0178;-0,0247;-0,1915;0,194
2,935000;-0,0177;-0,0150;-0,2013;0,203
2,945000;-0,0372;-0,0247;-0,2111;0,216
2,958000;-0,0274;-0,0148;-0,2013;0,204
2,965000;-0,0370;-0,0149;-0,2013;0,205
2,975000;-0,0173;-0,0246;-0,1915;0,194
2,988000;-0,0271;-0,0148;-0,2013;0,204
2,995000;-0,0270;-0,0050;-0,2013;0,203
3,006000;-0,0366;-0,0149;-0,1915;0,196
3,015000;-0,0268;-0,0051;-0,2013;0,203
3,025000;-0,0170;-0,0149;-0,2111;0,212
3,035000;-0,0169;-0,0150;-0,1915;0,193
3,045000;-0,0266;-0,0149;-0,1915;0,194
3,055000;-0,0266;-0,0150;-0,1915;0,194
3,066000;-0,0168;-0,0149;-0,2111;0,212
3,076000;-0,0266;-0,0149;-0,2013;0,204
3,085000;-0,0265;-0,0149;-0,2111;0,213
3,095000;-0,0069;-0,0148;-0,1915;0,192
3,109000;-0,0070;-0,0246;-0,2013;0,203
3,115000;-0,0264;-0,0149;-0,2013;0,204
3,125000;-0,0264;-0,0051;-0,2013;0,203
3,135000;-0,0361;-0,0053;-0,2013;0,205
3,146000;-0,0264;-0,0151;-0,2013;0,204
3,155000;-0,0459;-0,0150;-0,2111;0,217
3,165000;-0,0263;-0,0149;-0,1915;0,194
3,175000;-0,0165;-0,0246;-0,2013;0,203
3,186000;-0,0166;-0,0050;-0,2013;0,202
3,195000;-0,0263;-0,0245;-0,2111;0,214
3,205000;-0,0165;-0,0147;-0,2013;0,203
3,215000;-0,0263;-0,0147;-0,1915;0,194
3,226000;-0,0166;-0,0146;-0,1915;0,193
3,235000;-0,0165;-0,0147;-0,2111;0,212
3,245000;-0,0360;-0,0148;-0,1915;0,195
3,257000;-0,0261;-0,0050;-0,2013;0,203
3,266000;-0,0163;-0,0149;-0,2013;0,203
3,275000;-0,0065;-0,0150;-0,2013;0,202
3,285000;-0,0163;-0,0149;-0,2013;0,203
3,295000;-0,0261;-0,0149;-0,2013;0,204
3,307000;-0,0262;-0,0247;-0,2013;0,204
3,315000;-0,0164;-0,0149;-0,2111;0,212
3,325000;-0,0261;-0,0247;-0,2111;0,214
3,335000;-0,0163;-0,0050;-0,2013;0,202
3,345000;-0,0163;-0,0247;-0,2013;0,203
3,355000;-0,0261;-0,0247;-0,2013;0,204
3,365000;-0,0163;-0,0147;-0,2013;0,202
3,375000;-0,0163;-0,0245;-0,2111;0,213
3,392000;-0,0260;-0,0049;-0,1915;0,193
3,398000;-0,0260;-0,0146;-0,2111;0,213
3,405000;-0,0162;-0,0244;-0,2013;0,203
3,415000;-0,0260;-0,0146;-0,2013;0,203
3,426000;-0,0064;-0,0048;-0,2013;0,201
3,435000;-0,0260;-0,0147;-0,2013;0,204
3,445000;-0,0258;-0,0244;-0,2013;0,204
3,455000;-0,0257;-0,0244;-0,1915;0,195
3,466000;-0,0256;-0,0049;-0,1817;0,184
3,475000;-0,0158;-0,0245;-0,1915;0,194
3,485000;-0,0158;-0,0050;-0,2013;0,202
3,495000;-0,0256;-0,0148;-0,1915;0,194
3,505000;-0,0255;-0,0147;-0,2111;0,213
3,515000;-0,0352;-0,0147;-0,2013;0,205
3,526000;-0,0254;0,0047;-0,1915;0,193
3,535000;-0,0252;-0,0342;-0,2013;0,206
3,548000;-0,0252;-0,0048;-0,2209;0,222
3,556000;-0,0154;-0,0146;-0,2013;0,202
3,565000;-0,0252;-0,0244;-0,1915;0,195
3,575000;-0,0154;-0,0146;-0,2013;0,202
3,585000;-0,0251;-0,0341;-0,1915;0,196
3,595000;-0,0153;-0,0048;-0,1915;0,192
3,605000;-0,0251;-0,0047;-0,2013;0,203
3,615000;-0,0250;-0,0145;-0,1915;0,194
3,626000;-0,0347;-0,0144;-0,1915;0,195
3,635000;-0,0249;-0,0045;-0,2013;0,203
3,645000;-0,0249;-0,0240;-0,2013;0,204
3,658000;-0,0152;-0,0143;-0,2308;0,232
3,665000;-0,0251;-0,0045;-0,2013;0,203
3,675000;-0,0251;-0,0143;-0,1915;0,194
3,685000;-0,0153;-0,0143;-0,1915;0,193
3,695000;-0,0250;-0,0143;-0,2013;0,203
3,706000;-0,0348;-0,0046;-0,1915;0,195
3,715000;-0,0152;-0,0144;-0,2013;0,202
3,725000;-0,0151;-0,0144;-0,2013;0,202
3,735000;-0,0151;-0,0047;-0,2111;0,212
3,745000;-0,0054;-0,0145;-0,2013;0,202
3,756000;-0,0250;-0,0045;-0,1915;0,193
3,765000;-0,0250;-0,0145;-0,2013;0,203
3,776000;-0,0152;-0,0241;-0,1915;0,194
3,786000;-0,0153;-0,0241;-0,1915;0,194
3,795000;-0,0251;-0,0143;-0,2111;0,213
3,808000;-0,0251;-0,0144;-0,2013;0,203
3,815000;-0,0251;-0,0143;-0,1915;0,194
3,827000;-0,0251;-0,0240;-0,1915;0,195
3,835000;-0,0251;-0,0239;-0,1915;0,195
3,845000;-0,0251;-0,0141;-0,2112;0,213
3,856000;-0,0251;-0,0238;-0,2013;0,204
3,866000;-0,0154;-0,0042;-0,1915;0,192
3,875000;-0,0154;-0,0140;-0,2210;0,222
3,885000;-0,0153;-0,0142;-0,2013;0,202
3,895000;-0,0153;-0,0238;-0,2013;0,203
3,905000;-0,0250;-0,0139;-0,2112;0,213
3,915000;-0,0250;0,0055;-0,1915;0,193
3,925000;-0,0153;-0,0140;-0,1915;0,193
3,935000;-0,0251;-0,0238;-0,2112;0,214
3,946000;-0,0153;-0,0140;-0,2210;0,222
3,958000;-0,0154;-0,0140;-0,2112;0,212
3,966000;-0,0349;-0,0042;-0,2013;0,204
3,975000;-0,0348;-0,0139;-0,2014;0,205
3,985000;-0,0152;-0,0140;-0,2112;0,212
3,995000;-0,0153;-0,0043;-0,2013;0,202
4,006000;-0,0153;-0,0238;-0,2112;0,213
4,015000;-0,0250;-0,0141;-0,2013;0,203
4,026000;-0,0152;-0,0046;-0,1915;0,192
4,035000;-0,0152;-0,0144;-0,2013;0,202
4,045000;-0,0152;-0,0143;-0,2013;0,202
4,055000;-0,0152;-0,0046;-0,1915;0,192
4,065000;-0,0152;-0,0046;-0,2013;0,202
4,075000;-0,0151;-0,0046;-0,1817;0,182
4,085000;-0,0152;-0,0144;-0,2013;0,202
4,095000;-0,0347;-0,0144;-0,2013;0,205
4,109000;-0,0152;-0,0047;-0,2013;0,202
4,115000;-0,0250;-0,0144;-0,1915;0,194
4,126000;-0,0250;0,0050;-0,2111;0,213
4,135000;-0,0250;-0,0048;-0,2111;0,213
4,145000;-0,0250;-0,0048;-0,2013;0,203
4,155000;-0,0249;-0,0147;-0,2111;0,213
4,165000;-0,0249;-0,0147;-0,2013;0,203
4,175000;-0,0249;-0,0147;-0,2111;0,213
4,186000;-0,0151;-0,0146;-0,1915;0,193
4,196000;-0,0248;-0,0145;-0,2210;0,223
4,205000;-0,0052;-0,0049;-0,2013;0,201
4,215000;-0,0151;-0,0148;-0,2013;0,202
4,226000;-0,0248;-0,0343;-0,2013;0,206
4,235000;-0,0052;-0,0048;-0,2013;0,201
4,249000;-0,0150;-0,0145;-0,2111;0,212
4,258000;-0,0247;-0,0048;-0,2111;0,213
4,266000;-0,0246;-0,0244;-0,2112;0,214
4,275000;-0,0148;-0,0049;-0,1915;0,192
4,285000;-0,0246;-0,0244;-0,2013;0,204
4,295000;-0,0246;-0,0243;-0,2013;0,204
4,306000;-0,0245;-0,0145;-0,2013;0,203
4,315000;-0,0245;-0,0047;-0,2013;0,203
4,325000;-0,0244;-0,0145;-0,2014;0,203
4,335000;-0,0244;-0,0047;-0,2014;0,203
4,346000;-0,0244;-0,0143;-0,2014;0,203
4,360000;-0,0244;-0,0046;-0,2014;0,203
4,365000;-0,0244;-0,0241;-0,2014;0,204
4,375000;-0,0244;-0,0143;-0,1916;0,194
4,385000;-0,0340;-0,0045;-0,2014;0,204
4,395000;-0,0144;-0,0143;-0,1916;0,193
4,406000;-0,0241;-0,0046;-0,2014;0,203
4,415000;-0,0144;-0,0143;-0,2112;0,212
4,426000;-0,0339;-0,0143;-0,2112;0,214
4,435000;-0,0143;-0,0241;-0,2014;0,203
4,445000;-0,0143;-0,0240;-0,2210;0,223
4,455000;-0,0240;-0,0239;-0,2112;0,214
4,465000;-0,0141;-0,0141;-0,2014;0,202
4,476000;-0,0142;-0,0140;-0,2112;0,212
4,485000;-0,0241;-0,0042;-0,2112;0,213
4,495000;-0,0339;-0,0141;-0,2112;0,214
4,509000;-0,0240;-0,0140;-0,1916;0,194
4,518000;-0,0142;-0,0043;-0,2112;0,212
4,525000;-0,0239;-0,0140;-0,2112;0,213
4,535000;-0,0142;-0,0042;-0,2014;0,202
4,545000;-0,0045;-0,0042;-0,2014;0,201
4,555000;-0,0143;-0,0139;-0,1916;0,193
4,565000;-0,0241;-0,0041;-0,1916;0,193
4,575000;-0,0339;-0,0139;-0,2112;0,214
4,586000;-0,0240;-0,0138;-0,1916;0,194
4,595000;-0,0239;-0,0041;-0,2014;0,203
4,606000;-0,0238;-0,0138;-0,1916;0,194
4,615000;-0,0239;-0,0041;-0,2014;0,203
4,625000;-0,0238;-0,0139;-0,2014;0,203
4,635000;-0,0139;-0,0041;-0,2014;0,202
4,645000;-0,0237;-0,0236;-0,2014;0,204
4,657000;-0,0237;-0,0138;-0,2112;0,213
4,666000;-0,0139;-0,0138;-0,1916;0,193
4,675000;-0,0237;-0,0138;-0,2014;0,203
4,685000;-0,0237;-0,0236;-0,2014;0,204
4,695000;-0,0236;-0,0235;-0,2014;0,204
4,705000;-0,0139;-0,0138;-0,2210;0,222
4,715000;-0,0140;-0,0235;-0,1916;0,194
4,725000;-0,0237;-0,0137;-0,2014;0,203
4,735000;-0,0139;-0,0138;-0,2014;0,202
4,746000;-0,0333;-0,0140;-0,2112;0,214
4,756000;-0,0235;-0,0237;-0,2112;0,214
4,765000;-0,0138;-0,0040;-0,2014;0,202
4,775000;-0,0236;-0,0139;-0,2014;0,203
4,785000;-0,0138;-0,0140;-0,2112;0,212
4,799000;-0,0138;-0,0140;-0,1916;0,193
4,807000;-0,0138;-0,0238;-0,2112;0,213
4,815000;-0,0138;-0,0238;-0,1916;0,194
4,826000;-0,0139;-0,0238;-0,1916;0,194
4,836000;-0,0140;-0,0139;-0,2014;0,202
4,845000;-0,0239;-0,0042;-0,1916;0,193
4,857000;-0,0239;-0,0043;-0,2014;0,203
4,865000;-0,0141;-0,0141;-0,2014;0,202
4,875000;-0,0141;-0,0141;-0,2014;0,202
4,885000;-0,0142;-0,0043;-0,1916;0,192
4,895000;-0,0140;-0,0044;-0,1916;0,192
4,906000;-0,0141;-0,0045;-0,2014;0,202
4,915000;-0,0044;-0,0143;-0,1916;0,192
4,927000;-0,0240;-0,0143;-0,1916;0,194
4,935000;-0,0240;-0,0143;-0,1817;0,184
4,945000;-0,0238;-0,0241;-0,2014;0,204
4,956000;-0,0237;-0,0143;-0,2014;0,203
4,965000;-0,0236;-0,0144;-0,2112;0,213
4,975000;-0,0235;-0,0240;-0,2014;0,204
4,986000;-0,0234;-0,0044;-0,2014;0,203
4,995000;-0,0232;-0,0045;-0,1916;0,193
5,006000;-0,0232;-0,0143;-0,1916;0,194
5,015000;-0,0134;-0,0143;-0,2014;0,202
5,025000;-0,0232;-0,0046;-0,2014;0,203
5,035000;-0,0231;-0,0047;-0,1916;0,193
5,045000;-0,0134;-0,0243;-0,2014;0,203
5,060000;-0,0232;-0,0048;-0,2014;0,203
5,066000;-0,0231;-0,0146;-0,1818;0,184
5,075000;-0,0134;-0,0146;-0,2112;0,212
5,085000;-0,0134;-0,0146;-0,2014;0,202
5,095000;-0,0134;-0,0147;-0,2014;0,202
5,106000;-0,0329;-0,0146;-0,1916;0,195
5,115000;-0,0133;-0,0146;-0,1916;0,193
5,125000;-0,0231;-0,0145;-0,1916;0,194
5,135000;-0,0231;-0,0048;-0,2112;0,213
5,146000;-0,0231;-0,0144;-0,1916;0,194
5,156000;-0,0230;-0,0145;-0,2112;0,213
5,165000;-0,0328;-0,0242;-0,2210;0,225
5,175000;-0,0132;-0,0145;-0,1916;0,193
5,185000;-0,0229;-0,0146;-0,2112;0,213
5,196000;-0,0228;-0,0243;-0,2014;0,204
5,211000;-0,0131;-0,0145;-0,2014;0,202
5,215000;-0,0229;-0,0244;-0,2112;0,214
5,226000;-0,0132;-0,0147;-0,2014;0,202
5,235000;-0,0229;-0,0147;-0,2014;0,203
5,245000;-0,0228;-0,0245;-0,2112;0,214
5,256000;-0,0129;-0,0245;-0,2014;0,203
5,265000;-0,0228;-0,0148;-0,2014;0,203
5,275000;-0,0227;-0,0051;-0,1916;0,193
5,285000;-0,0130;-0,0052;-0,1916;0,192
5,295000;-0,0228;-0,0150;-0,2014;0,203
5,306000;-0,0228;-0,0054;-0,1916;0,193
5,315000;-0,5914;0,2886;-3,6925;3,751
5,325000;-0,5881;0,1975;15,2516;15,264
5,335000;0,0852;0,8544;-5,4959;5,563
5,345000;-0,0785;0,4873;-0,0772;0,500
5,359000;-0,7616;0,7740;-2,0911;2,356
5,365000;-0,3733;0,7706;-3,6222;3,722
5,375000;-0,5553;0,2326;-3,1030;3,161
5,386000;-0,2679;-0,1266;-3,4316;3,444
5,395000;0,3735;0,1142;-3,2173;3,241
5,406000;-0,0714;-0,0249;-1,1268;1,129
5,415000;-1,6123;-1,0546;6,7110;6,982
5,426000;-0,6725;1,7176;-6,2128;6,481
5,435000;-0,6355;2,6086;-9,7838;10,146
5,445000;1,7826;0,2152;6,6527;6,891
5,456000;0,3037;0,9094;-0,9376;1,341
5,466000;0,3625;0,4472;-0,0695;0,580
5,475000;0,3808;0,1052;0,6526;0,763
5,485000;0,4685;-0,3192;0,5366;0,781
5,496000;2,3432;-1,4911;-3,6372;4,576
5,509000;0,5729;-1,1830;-1,7291;2,172
5,515000;0,2008;-1,0898;-2,6344;2,858
5,526000;-0,7063;-0,9857;-1,2425;1,736
5,535000;-2,0366;-0,6043;0,4651;2,175
5,546000;-0,3253;-0,5629;4,0211;4,073
5,557000;0,2241;0,1012;0,4147;0,482
5,565000;-0,1664;0,6372;-0,2799;0,716
5,575000;0,4022;-1,0879;3,3447;3,540
5,585000;-1,2497;1,3417;3,5029;3,954
5,595000;0,1980;0,0188;-5,2410;5,245
5,606000;2,6204;-0,1394;5,9880;6,538
5,615000;-0,4035;0,1711;-3,0478;3,079
5,626000;-0,3182;0,1539;-1,9892;2,020
5,635000;1,4269;-0,0371;1,3263;1,948
5,649000;0,0399;0,2409;0,4146;0,481
5,662000;-0,3044;0,1128;-0,7921;0,856
5,665000;0,0067;-0,0143;0,0417;0,045
5,675000;0,2543;-0,0150;-0,0661;0,263
5,685000;0,1021;-0,0057;-0,0171;0,104
5,695000;0,0426;0,0139;-0,1446;0,151
5,706000;0,0517;0,0336;-0,2035;0,213
5,715000;0,0517;0,0237;-0,2427;0,249
5,725000;-0,0073;0,0334;-0,1740;0,177
5,736000;0,0509;0,0041;-0,2034;0,210
5,745000;0,0512;0,0138;-0,1936;0,201
5,760000;0,0611;0,0235;-0,2231;0,233
5,765000;0,0319;0,0232;-0,2231;0,227
5,776000;0,0414;0,0132;-0,2230;0,227
5,786000;0,0314;0,0229;-0,2034;0,207
5,795000;0,0313;0,0131;-0,1936;0,197
5,806000;0,0412;0,0228;-0,2034;0,209
5,815000;0,0217;0,0031;-0,1936;0,195
5,826000;0,0411;0,0227;-0,2132;0,218
5,835000;0,0409;0,0225;-0,2132;0,218
5,845000;0,0506;0,0029;-0,2034;0,210
5,856000;0,0310;0,0323;-0,1838;0,189
5,866000;0,0408;0,0029;-0,2132;0,217
5,875000;0,0407;0,0224;-0,2034;0,209
5,885000;0,0307;0,0126;-0,2034;0,206
5,895000;0,0207;0,0126;-0,1936;0,195
5,909000;0,0400;0,0224;-0,2132;0,218
5,915000;0,0301;0,0027;-0,2034;0,206
5,925000;0,0399;0,0220;-0,1936;0,199
5,935000;0,0496;0,0120;-0,1936;0,200
5,946000;0,0397;0,0215;-0,2034;0,208
5,956000;0,0200;0,0313;-0,2132;0,216
5,965000;0,0296;0,0311;-0,2132;0,217
5,976000;0,0491;0,0113;-0,2034;0,210
5,985000;0,0294;0,0111;-0,2034;0,206
5,995000;0,0489;0,0110;-0,2034;0,209
6,007000;0,0293;0,0207;-0,2132;0,216
6,015000;0,0390;0,0107;-0,2034;0,207
6,031000;0,0389;0,0204;-0,2034;0,208
6,035000;0,0486;0,0105;-0,1935;0,200
6,045000;0,0387;0,0202;-0,2033;0,208
6,062000;0,0288;0,0102;-0,2033;0,206
6,065000;0,0385;0,0198;-0,2033;0,208
6,075000;0,0286;0,0296;-0,2131;0,217
6,085000;0,0579;0,0098;-0,2033;0,212
6,095000;0,0383;0,0097;-0,2033;0,207
6,106000;0,0477;0,0095;-0,1935;0,200
6,115000;0,0278;0,0095;-0,2033;0,205
6,125000;0,0373;0,0191;-0,2033;0,208
6,135000;0,0272;0,0189;-0,2131;0,216
6,145000;0,0269;-0,0007;-0,2131;0,215
6,156000;0,0363;0,0088;-0,1935;0,197
6,165000;0,0358;0,0183;-0,2033;0,207
6,176000;0,0352;0,0181;-0,1934;0,197
6,186000;0,0347;0,0178;-0,2032;0,207
6,199000;0,0440;0,0079;-0,1934;0,198
6,206000;0,0240;0,0174;-0,1934;0,196
6,215000;0,0334;0,0074;-0,1836;0,187
6,226000;0,0328;0,0169;-0,1934;0,197
6,235000;0,0324;0,0167;-0,2228;0,226
6,245000;0,0222;0,0067;-0,2032;0,205
6,256000;0,0218;0,0066;-0,2032;0,204
6,266000;0,0312;0,0162;-0,2032;0,206
6,276000;0,0308;0,0063;-0,2032;0,206
6,285000;0,0304;0,0158;-0,2031;0,206
6,295000;0,0202;0,0156;-0,1933;0,195
6,307000;0,0296;0,0154;-0,2031;0,206
6,315000;0,0195;0,0055;-0,2031;0,204
6,325000;0,0289;0,0150;-0,2031;0,206
6,335000;0,0187;0,0149;-0,2031;0,205
6,346000;0,0281;0,0048;-0,2031;0,205
6,357000;0,0277;0,0046;-0,2031;0,205
6,365000;0,0274;0,0142;-0,2031;0,205
6,375000;0,0270;0,0139;-0,1933;0,196
6,385000;0,0266;0,0041;-0,2031;0,205
6,395000;0,0261;0,0040;-0,2030;0,205
6,407000;0,0258;0,0135;-0,1932;0,195
6,415000;0,0352;0,0036;-0,2030;0,206
6,427000;0,0250;0,0034;-0,1834;0,185
6,436000;0,0247;0,0032;-0,1932;0,195
6,446000;0,0243;0,0032;-0,2030;0,204
6,459000;0,0142;0,0128;-0,2030;0,204
6,465000;0,0139;0,0030;-0,2128;0,213
6,476000;0,0137;0,0126;-0,2030;0,204
6,485000;0,0232;0,0124;-0,2030;0,205
6,495000;0,0132;0,0121;-0,1932;0,194
6,507000;0,0226;0,0119;-0,1833;0,185
6,516000;0,0223;0,0020;-0,1931;0,194
6,525000;0,0220;0,0114;-0,2029;0,204
6,535000;0,0217;0,0113;-0,2029;0,204
6,545000;0,0313;0,0110;-0,2029;0,206
6,556000;0,0309;0,0010;-0,1931;0,196
6,565000;0,0208;0,0008;-0,1931;0,194
6,576000;0,0206;0,0006;-0,2127;0,214
6,586000;0,0008;0,0004;-0,2127;0,213
6,595000;0,0103;0,0198;-0,2127;0,214
6,610000;0,0295;0,0000;-0,1931;0,195
6,615000;0,0097;0,0000;-0,2029;0,203
6,626000;0,0095;0,0192;-0,2029;0,204
6,635000;0,0287;0,0093;-0,2028;0,205
6,645000;0,0088;0,0092;-0,2028;0,203
6,655000;0,0184;-0,0006;-0,1832;0,184
6,666000;0,0181;-0,0006;-0,1930;0,194
6,675000;0,0080;0,0088;-0,1832;0,184
6,685000;0,0273;-0,0011;-0,2028;0,205
6,695000;0,0076;-0,0012;-0,2224;0,223
6,706000;0,0075;0,0084;-0,1930;0,193
6,715000;0,0268;0,0082;-0,1930;0,195
6,725000;0,0265;0,0079;-0,2028;0,205
6,735000;0,0261;-0,0019;-0,2028;0,204
6,747000;0,0162;-0,0019;-0,1832;0,184
6,757000;0,0160;-0,0020;-0,1930;0,194
6,765000;0,0157;-0,0020;-0,1930;0,194
6,775000;0,0057;0,0075;-0,1733;0,174
6,785000;0,0153;-0,0023;-0,2126;0,213
6,795000;0,0150;-0,0024;-0,2126;0,213
6,806000;0,0147;0,0071;-0,1929;0,194
6,815000;0,0341;-0,0027;-0,1929;0,196
6,826000;0,0044;0,0068;-0,1929;0,193
6,835000;0,0140;-0,0030;-0,1929;0,193
6,846000;0,0235;0,0162;-0,1929;0,195
6,857000;0,0233;0,0064;-0,1831;0,185
6,865000;0,0133;-0,0132;-0,1929;0,194
6,875000;0,0034;-0,0035;-0,1929;0,193
6,885000;0,0227;-0,0133;-0,2125;0,214
6,898000;0,0029;-0,0036;-0,1831;0,183
6,907000;0,0125;0,0060;-0,1929;0,193
6,915000;0,0221;0,0059;-0,1929;0,194
6,926000;0,0023;-0,0039;-0,1929;0,193
6,935000;0,0022;-0,0039;-0,1929;0,193
6,945000;0,0117;-0,0039;-0,1929;0,193
6,956000;0,0115;0,0057;-0,2027;0,203
6,965000;0,0112;-0,0137;-0,1830;0,184
6,975000;0,0111;-0,0040;-0,1928;0,193
6,986000;0,0012;-0,0041;-0,2026;0,203
6,996000;0,0011;-0,0042;-0,2124;0,212
7,006000;0,0010;0,0153;-0,2026;0,203
7,015000;0,0106;-0,0140;-0,1928;0,194
7,025000;0,0008;0,0152;-0,2026;0,203
7,035000;0,0006;0,0053;-0,2026;0,203
7,045000;0,0101;-0,0044;-0,2124;0,213
7,058000;0,0101;-0,0044;-0,2026;0,203
7,066000;0,0099;0,0052;-0,2026;0,203
7,075000;0,0097;0,0051;-0,1928;0,193
7,085000;0,0095;-0,0047;-0,1928;0,193
7,095000;0,0093;-0,0047;-0,2124;0,213
7,107000;-0,0005;0,0049;-0,2026;0,203
7,115000;0,0091;0,0047;-0,2124;0,213
7,125000;0,0185;-0,0049;-0,2026;0,204
7,135000;0,0085;0,0047;-0,2026;0,203
7,146000;0,0083;0,0046;-0,2124;0,213
7,161000;0,0081;0,0045;-0,2026;0,203
7,165000;-0,0017;0,0043;-0,1830;0,183
7,176000;0,0078;-0,0055;-0,1829;0,183
7,185000;0,0076;-0,0056;-0,1829;0,183
7,195000;0,0075;0,0040;-0,1927;0,193
7,207000;-0,0023;-0,0154;-0,1829;0,184
7,215000;0,0073;0,0040;-0,1731;0,173
7,226000;0,0169;0,0039;-0,2025;0,203
7,235000;-0,0026;0,0038;-0,1829;0,183
7,245000;-0,0125;0,0037;-0,2025;0,203
7,257000;0,0166;-0,0061;-0,1927;0,194
7,265000;0,0261;0,0034;-0,1927;0,194
7,277000;0,0063;-0,0064;-0,1927;0,193
7,285000;0,0061;0,0032;-0,2025;0,203
7,296000;0,0156;0,0031;-0,1927;0,193
7,310000;0,0057;-0,0066;-0,1829;0,183
7,316000;-0,0041;-0,0066;-0,2025;0,203
7,325000;-0,0043;0,0030;-0,1829;0,183
7,335000;0,0052;-0,0066;-0,2025;0,203
7,346000;0,0051;-0,0067;-0,2025;0,203
7,358000;0,0148;-0,0068;-0,1927;0,193
7,365000;0,0049;-0,0166;-0,1829;0,184
7,375000;0,0046;0,0028;-0,1927;0,193
7,386000;-0,0052;-0,0166;-0,2123;0,213
7,395000;0,0043;-0,0068;-0,2025;0,203
7,407000;0,0042;0,0027;-0,2025;0,203
7,415000;-0,0055;-0,0070;-0,2025;0,203
7,425000;0,0041;0,0027;-0,2025;0,203
7,435000;0,0039;-0,0070;-0,1927;0,193
7,445000;-0,0058;0,0025;-0,2025;0,203
7,459000;0,0136;-0,0074;-0,2025;0,203
7,466000;0,0037;0,0020;-0,2024;0,202
7,475000;0,0035;0,0019;-0,1926;0,193
7,485000;-0,0062;0,0018;-0,1926;0,193
7,495000;0,0033;0,0018;-0,2024;0,202
7,507000;-0,0064;0,0017;-0,1926;0,193
7,515000;-0,0064;0,0015;-0,2024;0,203
7,527000;0,0032;0,0013;-0,2024;0,202
7,535000;0,0029;0,0012;-0,2024;0,202
7,546000;0,0027;0,0109;-0,1926;0,193
7,557000;-0,0070;0,0009;-0,1926;0,193
7,565000;0,0026;-0,0088;-0,1926;0,193
7,576000;0,0025;-0,0089;-0,2024;0,203
7,585000;0,0024;0,0104;-0,2024;0,203
7,595000;0,0023;0,0004;-0,2024;0,202
7,609000;0,0119;0,0003;-0,1926;0,193
7,615000;0,0117;0,0001;-0,1926;0,193
7,626000;-0,0079;-0,0097;-0,1926;0,193
7,635000;0,0018;-0,0097;-0,2024;0,203
7,645000;0,0016;-0,0001;-0,1828;0,183
7,656000;-0,0180;-0,0196;-0,1729;0,175
7,665000;-0,0082;-0,0001;-0,1926;0,193
7,677000;-0,0083;-0,0002;-0,1729;0,173
7,685000;0,0012;-0,0002;-0,1729;0,173
7,695000;0,0108;-0,0004;-0,1827;0,183
7,707000;0,0106;-0,0103;-0,2122;0,213
7,715000;0,0006;-0,0005;-0,2023;0,202
7,725000;0,0005;-0,0006;-0,1925;0,193
7,735000;0,0004;-0,0006;-0,2023;0,202
7,745000;0,0100;-0,0007;-0,2023;0,203
7,757000;0,0097;-0,0008;-0,1827;0,183
7,765000;-0,0098;-0,0106;-0,1925;0,193
7,776000;0,0000;-0,0107;-0,1925;0,193
7,786000;-0,0002;0,0087;-0,2023;0,202
7,795000;-0,0002;0,0085;-0,1729;0,173
7,807000;0,0093;-0,0111;-0,1729;0,174
7,815000;-0,0006;-0,0110;-0,2023;0,203
7,825000;-0,0006;0,0083;-0,1925;0,193
7,835000;-0,0007;-0,0112;-0,1729;0,173
7,845000;-0,0107;0,0082;-0,1827;0,183
7,861000;-0,0010;0,0081;-0,2023;0,202
7,866000;-0,0011;-0,0114;-0,1925;0,193
7,876000;-0,0012;-0,0017;-0,1925;0,193
7,885000;-0,0013;-0,0116;-0,1925;0,193
7,895000;-0,0111;-0,0019;-0,1827;0,183
7,908000;-0,0014;-0,0020;-0,1827;0,183
7,915000;-0,0015;-0,0118;-0,1925;0,193
7,925000;-0,0114;-0,0020;-0,2023;0,203
7,935000;-0,0017;0,0076;-0,1925;0,193
7,947000;-0,0018;-0,0023;-0,2023;0,202
7,957000;-0,0019;-0,0023;-0,2023;0,202
7,968000;-0,0020;-0,0023;-0,1924;0,192
7,976000;-0,0020;-0,0024;-0,1924;0,192
7,985000;-0,0022;0,0071;-0,1924;0,193
7,995000;-0,0023;-0,0026;-0,1924;0,192
8,011000;-0,0122;-0,0125;-0,1826;0,183
8,015000;-0,0024;-0,0027;-0,1826;0,183
8,028000;0,0071;-0,0028;-0,1630;0,163
8,035000;-0,0026;-0,0028;-0,1826;0,183
8,045000;-0,0125;-0,0030;-0,2022;0,203
8,057000;-0,0028;-0,0030;-0,2120;0,212
8,065000;-0,0127;-0,0030;-0,2022;0,203
8,075000;0,0066;0,0065;-0,2022;0,202
8,085000;-0,0032;-0,0033;-0,1924;0,192
8,095000;-0,0033;-0,0034;-0,2022;0,202
8,108000;-0,0034;-0,0035;-0,2022;0,202
8,115000;-0,0034;-0,0134;-0,2022;0,203
8,125000;-0,0035;-0,0134;-0,1924;0,193
8,135000;-0,0036;-0,0037;-0,1924;0,192
8,145000;-0,0134;-0,0038;-0,2022;0,203
8,160000;-0,0135;-0,0037;-0,2022;0,203
8,165000;-0,0038;-0,0038;-0,2022;0,202
8,175000;-0,0136;-0,0136;-0,2022;0,203
8,186000;-0,0038;-0,0039;-0,2022;0,202
8,195000;-0,0039;-0,0039;-0,1924;0,192
8,207000;-0,0234;-0,0039;-0,1826;0,184
8,215000;-0,0137;-0,0039;-0,1924;0,193
8,225000;-0,0039;-0,0136;-0,1826;0,183
8,235000;0,0056;-0,0138;-0,1826;0,183
8,245000;-0,0042;0,0056;-0,1826;0,183
8,258000;-0,0044;-0,0140;-0,1826;0,183
8,266000;-0,0046;-0,0042;-0,2022;0,202
8,275000;-0,0046;-0,0042;-0,1826;0,183
8,285000;0,0050;-0,0140;-0,1924;0,193
8,295000;-0,0145;-0,0141;-0,1924;0,193
8,310000;0,0048;-0,0140;-0,2022;0,203
8,315000;-0,0147;-0,0043;-0,2022;0,203
8,325000;-0,0050;-0,0045;-0,1923;0,192
8,335000;-0,0051;-0,0142;-0,2022;0,203
8,346000;-0,0052;-0,0046;-0,1923;0,192
8,357000;0,0044;0,0050;-0,2021;0,202
8,365000;0,0042;-0,0146;-0,2021;0,203
8,376000;0,0041;-0,0049;-0,2021;0,202
8,385000;-0,0057;-0,0049;-0,1825;0,183
8,395000;-0,0155;-0,0147;-0,1923;0,193
8,407000;-0,0155;-0,0147;-0,1923;0,193
8,415000;-0,0057;-0,0147;-0,1825;0,183
8,426000;-0,0058;0,0047;-0,2119;0,212
8,435000;-0,0155;0,0046;-0,1923;0,193
8,445000;-0,0057;-0,0149;-0,1923;0,193
8,462000;-0,0155;-0,0148;-0,1923;0,193
8,465000;-0,0059;-0,0149;-0,1825;0,183
8,475000;-0,0060;-0,0148;-0,2021;0,203
8,485000;-0,0061;-0,0052;-0,2021;0,202
8,495000;-0,0062;-0,0053;-0,1923;0,192
8,508000;-0,0063;-0,0150;-0,1923;0,193
8,515000;-0,0162;-0,0052;-0,1923;0,193
8,526000;-0,0065;-0,0053;-0,1923;0,192
8,535000;-0,0163;-0,0053;-0,1923;0,193
8,545000;-0,0066;-0,0248;-0,1923;0,194
8,555000;-0,0067;-0,0149;-0,2021;0,203
8,568000;-0,0166;0,0045;-0,1923;0,193
8,578000;-0,0069;-0,0054;-0,2021;0,202
8,586000;-0,0166;-0,0152;-0,1923;0,194
8,595000;-0,0068;-0,0055;-0,2021;0,202
8,608000;-0,0165;-0,0055;-0,2119;0,213
8,615000;-0,0068;-0,0055;-0,1923;0,192
8,628000;0,0027;-0,0057;-0,1825;0,183
8,635000;0,0025;-0,0155;-0,2119;0,212
8,645000;-0,0170;-0,0058;-0,2021;0,203
8,657000;-0,0074;-0,0058;-0,1923;0,193
8,666000;0,0022;-0,0158;-0,2021;0,203
8,677000;-0,0074;-0,0157;-0,2021;0,203
8,685000;-0,0075;-0,0060;-0,2119;0,212
8,695000;-0,0173;-0,0062;-0,1923;0,193
8,705000;0,0020;-0,0062;-0,1825;0,183
8,715000;-0,0078;-0,0159;-0,2021;0,203
8,731000;-0,0079;-0,0060;-0,1825;0,183
8,735000;-0,0177;0,0035;-0,1923;0,193
8,746000;0,0017;-0,0062;-0,1923;0,192
8,758000;-0,0081;-0,0062;-0,1923;0,193
8,765000;-0,0082;-0,0061;-0,1824;0,183
8,775000;-0,0083;-0,0159;-0,1923;0,193
8,785000;-0,0083;-0,0159;-0,2021;0,203
8,795000;-0,0084;-0,0061;-0,1923;0,193
8,805000;0,0012;0,0035;-0,1922;0,192
8,815000;0,0012;-0,0063;-0,2021;0,202
8,826000;-0,0280;-0,0064;-0,2021;0,204
8,835000;-0,0182;-0,0063;-0,2021;0,203
8,845000;-0,0084;-0,0064;-0,2021;0,202
8,855000;0,0012;-0,0163;-0,1922;0,193
8,865000;-0,0183;-0,0066;-0,2020;0,203
8,875000;-0,0183;-0,0067;-0,1922;0,193
8,887000;-0,0182;-0,0068;-0,1922;0,193
8,909000;-0,0084;-0,0166;-0,1922;0,193
8,911000;-0,0182;0,0027;-0,2020;0,203
8,917000;-0,0084;-0,0167;-0,1922;0,193
8,928000;0,0012;-0,0166;-0,1824;0,183
8,935000;0,0010;-0,0068;-0,1726;0,173
8,947000;-0,0087;0,0028;-0,2020;0,202
8,959000;-0,0088;-0,0166;-0,1824;0,183
8,965000;-0,0090;-0,0068;-0,2020;0,202
8,977000;-0,0091;-0,0164;-0,1922;0,193
8,986000;-0,0092;-0,0067;-0,1922;0,193
8,995000;-0,0093;-0,0067;-0,1726;0,173
9,008000;-0,0190;-0,0069;-0,1824;0,184
9,015000;-0,0191;-0,0069;-0,1922;0,193
9,026000;-0,0094;-0,0069;-0,2020;0,202
9,037000;-0,0191;-0,0070;-0,2020;0,203
9,045000;-0,0192;-0,0071;-0,2020;0,203
9,055000;-0,0094;-0,0266;-0,1922;0,194
9,066000;-0,0192;-0,0070;-0,1824;0,184
9,075000;-0,0095;-0,0169;-0,2020;0,203
9,085000;-0,0095;0,0026;-0,2020;0,202
9,095000;-0,0192;-0,0071;-0,2020;0,203
9,105000;-0,0094;-0,0072;-0,1922;0,193
9,115000;0,0002;-0,0170;-0,1922;0,193
9,126000;-0,0194;-0,0170;-0,2020;0,204
9,135000;-0,0096;-0,0073;-0,2020;0,202
9,146000;-0,0096;-0,0073;-0,1922;0,193
9,155000;0,0000;-0,0269;-0,1922;0,194
9,165000;-0,0098;-0,0073;-0,2020;0,202
9,175000;-0,0001;-0,0170;-0,1922;0,193
9,185000;-0,0100;-0,0170;-0,1922;0,193
9,195000;-0,0101;-0,0170;-0,2020;0,203
9,205000;-0,0005;-0,0170;-0,2020;0,203
9,215000;-0,0201;-0,0267;-0,1824;0,185
9,226000;-0,0103;-0,0071;-0,1922;0,193
9,235000;-0,0201;-0,0266;-0,1922;0,195
9,245000;-0,0104;-0,0071;-0,1922;0,193
9,255000;-0,0105;-0,0168;-0,1922;0,193
9,265000;-0,0204;-0,0070;-0,1824;0,184
9,275000;-0,0106;-0,0168;-0,1922;0,193
9,285000;-0,0205;-0,0071;-0,2020;0,203
9,295000;-0,0205;-0,0169;-0,1922;0,194
9,307000;-0,0011;-0,0168;-0,1824;0,183
9,315000;-0,0012;-0,0168;-0,2020;0,203
9,326000;-0,0111;-0,0169;-0,1824;0,184
9,335000;-0,0111;-0,0071;-0,1922;0,193
9,345000;-0,0208;0,0024;-0,1824;0,184
9,355000;-0,0014;-0,0172;-0,2020;0,203
9,365000;-0,0113;-0,0172;-0,1922;0,193
9,376000;-0,0113;-0,0076;-0,1824;0,183
9,386000;-0,0114;-0,0272;-0,2020;0,204
9,395000;-0,0016;-0,0173;-0,1922;0,193
9,412000;-0,0017;-0,0174;-0,1922;0,193
9,417000;-0,0116;-0,0173;-0,1824;0,184
9,428000;-0,0117;-0,0174;-0,1922;0,193
9,435000;-0,0117;-0,0174;-0,1824;0,184
9,445000;-0,0214;0,0020;-0,2020;0,203
9,455000;-0,0213;-0,0176;-0,2020;0,204
9,466000;-0,0212;-0,0175;-0,1922;0,194
9,475000;-0,0213;-0,0077;-0,1922;0,194
9,485000;-0,0115;-0,0077;-0,2118;0,212
9,495000;-0,0115;-0,0078;-0,2020;0,202
9,505000;-0,0018;-0,0174;-0,1922;0,193
9,515000;-0,0117;-0,0076;-0,2020;0,202
9,525000;-0,0118;-0,0174;-0,1823;0,184
9,535000;-0,0021;-0,0174;-0,2020;0,203
9,546000;-0,0120;0,0020;-0,1823;0,183
9,556000;-0,0023;-0,0175;-0,2020;0,203
9,565000;-0,0122;-0,0175;-0,1921;0,193
9,576000;-0,0121;0,0019;-0,1823;0,183
9,585000;-0,0024;-0,0079;-0,1921;0,192
9,595000;-0,0122;0,0017;-0,1921;0,192
9,605000;-0,0124;-0,0080;-0,2019;0,202
9,615000;-0,0026;-0,0080;-0,2019;0,202
9,626000;-0,0027;0,0016;-0,2019;0,202
9,635000;-0,0222;-0,0081;-0,2019;0,203
9,645000;-0,0125;-0,0082;-0,2019;0,202
9,655000;-0,0223;-0,0083;-0,2019;0,203
9,665000;-0,0320;-0,0182;-0,1921;0,196
9,677000;-0,0221;-0,0085;-0,1921;0,194
9,685000;-0,0221;-0,0084;-0,1921;0,194
9,695000;-0,0220;0,0012;-0,2019;0,203
9,707000;-0,0222;-0,0086;-0,1921;0,194
9,715000;-0,0318;-0,0085;-0,1823;0,185
9,726000;-0,0123;-0,0087;-0,1823;0,183
9,735000;-0,0123;-0,0186;-0,1823;0,184
9,746000;-0,0219;-0,0090;-0,1823;0,184
9,755000;-0,0120;-0,0188;-0,1823;0,184
9,765000;-0,0217;-0,0090;-0,1921;0,194
9,775000;-0,0120;-0,0091;-0,2019;0,202
9,786000;-0,0122;-0,0187;-0,1921;0,193
9,795000;-0,0024;-0,0088;-0,2019;0,202
9,805000;-0,0221;-0,0089;-0,1921;0,194
9,815000;-0,0220;0,0007;-0,2019;0,203
9,829000;-0,0121;0,0005;-0,1921;0,192
9,835000;-0,0122;-0,0189;-0,2019;0,203
9,846000;-0,0220;-0,0092;-0,1921;0,194
9,855000;-0,0024;-0,0189;-0,2019;0,203
9,866000;-0,0124;0,0006;-0,1921;0,193
9,875000;-0,0221;-0,0091;-0,1921;0,194
9,885000;-0,0123;-0,0092;-0,2019;0,202
9,895000;-0,0026;-0,0093;-0,1921;0,192
9,905000;-0,0125;-0,0095;-0,1823;0,183
9,915000;-0,0028;-0,0094;-0,1921;0,192
9,925000;-0,0127;-0,0093;-0,1823;0,183
9,935000;-0,0127;-0,0190;-0,2019;0,203
9,946000;-0,0127;-0,0192;-0,1823;0,184
9,955000;-0,0127;-0,0289;-0,1921;0,195
9,965000;-0,0127;-0,0191;-0,2019;0,203
9,978000;0,0067;-0,0094;-0,1725;0,173
9,985000;-0,0031;-0,0192;-0,1921;0,193
9,995000;-0,0033;-0,0192;-0,1921;0,193
10,005000;-0,0034;-0,0094;-0,2019;0,202
10,015000;-0,0132;-0,0093;-0,1921;0,193
10,027000;-0,0326;0,0003;-0,1823;0,185
10,035000;-0,0227;-0,0289;-0,2019;0,205
10,045000;-0,0227;-0,0191;-0,1823;0,185
10,055000;-0,0128;-0,0287;-0,1823;0,185
10,065000;-0,0129;-0,0189;-0,1823;0,184
10,076000;-0,0032;-0,0092;-0,2019;0,202
10,085000;-0,0227;-0,0189;-0,1921;0,194
10,095000;-0,0129;-0,0092;-0,1921;0,193
10,112000;-0,0032;-0,0191;-0,2019;0,203
10,115000;-0,0129;-0,0191;-0,1921;0,193
10,129000;-0,0129;-0,0093;-0,2019;0,203
10,135000;-0,0129;-0,0191;-0,1921;0,193
10,145000;-0,0226;0,0002;-0,1921;0,193
10,155000;-0,0130;-0,0095;-0,2019;0,203
10,165000;-0,0130;-0,0095;-0,1823;0,183
10,175000;-0,0228;-0,0094;-0,2019;0,203
10,186000;-0,0130;-0,0095;-0,1921;0,193
10,195000;-0,0032;-0,0193;-0,1823;0,183
10,205000;1,0349;1,6065;0,7689;2,060
10,215000;1,1373;1,3807;9,7894;9,951
10,225000;0,9797;2,3980;-1,1938;2,852
10,235000;0,6512;-0,2433;-5,3470;5,392
10,246000;0,3939;-0,4034;-6,2576;6,283
10,255000;-1,1105;-0,8541;2,6713;3,016
10,266000;-1,7268;-2,5310;5,3006;6,122
10,276000;-0,3945;-0,3627;-7,5906;7,609
10,285000;3,4110;-0,7146;11,0411;11,578
10,295000;-0,4456;0,2577;-2,4077;2,462
10,306000;-0,3763;-0,4999;-2,9973;3,062
10,315000;1,6291;0,1586;2,0156;2,596
10,325000;0,5380;-0,2557;-0,7491;0,957
10,335000;-0,2714;-0,1316;-0,5932;0,665
10,346000;-0,0284;-0,1028;-0,1513;0,185
10,356000;0,1239;-0,1232;-0,2396;0,297
10,366000;-0,0307;-0,0746;-0,2102;0,225
10,379000;-0,0222;-0,0648;-0,1612;0,175
10,385000;-0,0034;-0,0648;-0,1906;0,201
10,395000;-0,0328;-0,0648;-0,1906;0,204
10,405000;-0,0527;-0,0648;-0,1317;0,156
10,415000;-0,0235;-0,0746;-0,1906;0,206
10,427000;-0,0232;-0,0747;-0,1906;0,206
10,436000;-0,0228;-0,0847;-0,2494;0,264
10,445000;-0,0422;-0,0652;-0,2200;0,233
10,455000;-0,0228;-0,0751;-0,1906;0,206
10,465000;-0,0428;-0,0752;-0,1808;0,200
10,475000;-0,0233;-0,0753;-0,1906;0,206
10,485000;-0,0232;-0,0754;-0,2004;0,215
10,495000;-0,0231;-0,0656;-0,2004;0,212
10,508000;-0,0428;-0,0853;-0,1906;0,213
10,515000;-0,0429;-0,0853;-0,1807;0,204
10,526000;-0,0234;-0,0755;-0,1905;0,206
10,535000;-0,0235;-0,0659;-0,1905;0,203
10,546000;-0,0333;-0,0758;-0,2003;0,217
10,555000;-0,0234;-0,0759;-0,2003;0,215
10,565000;-0,0333;-0,0759;-0,2003;0,217
10,575000;-0,0431;-0,0759;-0,1905;0,210
10,586000;-0,0629;-0,0661;-0,1905;0,211
10,595000;-0,1022;-0,0760;-0,2003;0,237
10,605000;-0,1316;-0,0760;-0,1807;0,236
10,615000;-0,1413;-0,0956;-0,1905;0,256
10,625000;-0,1511;-0,1250;-0,2101;0,287
10,635000;-0,0627;-0,1152;-0,2101;0,248
10,645000;0,0745;-0,0860;-0,2003;0,230
10,655000;0,1825;-0,0567;-0,1905;0,270
10,666000;0,2707;-0,0078;-0,1807;0,326
10,678000;0,2706;0,0116;-0,1709;0,320
10,685000;0,1822;-0,0176;-0,1807;0,257
10,695000;0,0349;-0,0765;-0,1905;0,208
10,705000;-0,1321;-0,1352;-0,2101;0,283
10,715000;-0,3284;-0,2136;-0,2297;0,454
10,725000;-0,3090;-0,1256;-0,2003;0,389
10,735000;-0,2009;0,0408;-0,1120;0,234
10,746000;0,3677;0,1093;-0,0434;0,386
10,755000;0,4118;-0,4691;0,8180;1,029
10,765000;0,9839;-1,1335;-0,7922;1,697
10,777000;-0,3209;-0,7222;-2,3324;2,463
10,785000;0,4446;-0,1893;0,3435;0,593
10,795000;0,0464;-1,0334;0,7362;1,270
10,805000;-0,1604;-1,8101;0,1307;1,822
10,819000;-0,3024;-2,1679;-1,8071;2,838
10,829000;-0,4107;-2,0538;-1,8217;2,776
10,835000;-0,2800;-1,2314;-0,5417;1,374
10,847000;0,0285;0,0963;0,6888;0,696
10,855000;0,2706;1,2455;-1,1946;1,747
10,865000;0,2414;1,7349;0,2512;1,770
10,876000;0,1229;2,0448;-0,4731;2,102
10,885000;-0,0147;2,2471;-0,6168;2,330
10,895000;0,5104;2,1604;-2,2343;3,150
10,906000;-0,5720;0,1189;-0,3305;0,671
10,915000;0,1023;-0,2951;-3,5020;3,516
10,925000;-0,7930;-0,2019;-9,9156;9,949
10,935000;1,2104;0,4634;0,9882;1,630
10,945000;-3,8928;-0,1217;9,3899;10,166
10,955000;-1,8340;0,1257;5,6152;5,908
10,965000;-0,0915;-0,0457;-3,2555;3,257
10,980000;-0,3369;0,0321;-0,2154;0,401
10,986000;-0,4024;-0,5501;-0,0216;0,682
10,995000;-0,4804;-0,2795;-0,4925;0,743
11,005000;0,5684;-0,2326;0,2643;0,669
11,015000;-0,3482;0,1299;-0,0199;0,372
11,025000;0,0419;-0,0456;-0,0201;0,065
11,035000;-0,0471;-0,0930;-0,0395;0,111
11,045000;0,0354;-0,1131;-0,1474;0,189
11,055000;-0,1417;-0,0935;-0,0788;0,187
11,066000;-0,0837;-0,1228;-0,1768;0,231
11,080000;-0,1804;-0,0643;-0,0984;0,215
11,085000;-0,1617;-0,0935;-0,2063;0,278
11,098000;-0,1617;-0,1229;-0,2161;0,297
11,105000;-0,1227;-0,0937;-0,2062;0,258
11,115000;-0,0836;-0,0740;-0,1964;0,226
11,126000;-0,0542;-0,0936;-0,1670;0,199
11,135000;-0,0932;-0,1133;-0,2161;0,261
11,146000;-0,1327;-0,1132;-0,1866;0,255
11,155000;-0,1424;-0,1035;-0,1866;0,257
11,165000;-0,1621;-0,0840;-0,1768;0,254
11,176000;-0,1719;-0,0743;-0,1572;0,245
11,185000;-0,1328;-0,0939;-0,1964;0,255
11,195000;-0,0935;-0,0841;-0,1964;0,233
11,205000;-0,0739;-0,1135;-0,1866;0,231
11,215000;-0,1032;-0,1037;-0,1964;0,245
11,228000;-0,1032;-0,0840;-0,1866;0,229
11,236000;-0,1326;-0,0939;-0,1866;0,247
11,245000;-0,1617;-0,0941;-0,1768;0,257
11,255000;-0,1519;-0,1136;-0,1964;0,273
11,265000;-0,1420;-0,0940;-0,1866;0,253
11,276000;-0,1028;-0,0940;-0,1866;0,233
11,285000;-0,1028;-0,0842;-0,1964;0,237
11,295000;-0,0932;-0,1134;-0,1866;0,237
11,306000;-0,0930;-0,1036;-0,1866;0,233
11,315000;-0,1126;-0,1133;-0,1768;0,238
11,326000;-0,1420;-0,0937;-0,1768;0,245
11,335000;-0,1322;-0,0839;-0,1768;0,236
11,346000;-0,1420;-0,1036;-0,1964;0,264
11,355000;-0,1223;-0,1036;-0,1964;0,254
11,365000;-0,1027;-0,1036;-0,1964;0,245
11,378000;-0,1026;-0,0938;-0,1964;0,241
11,386000;-0,1026;-0,0939;-0,1768;0,225
11,395000;-0,1025;-0,1037;-0,1866;0,237
11,405000;-0,1417;-0,1036;-0,2063;0,271
11,415000;-0,1416;-0,0939;-0,1866;0,252
11,425000;-0,1318;-0,1036;-0,1866;0,251
11,439000;-0,1318;-0,0938;-0,1965;0,255
11,446000;-0,1218;-0,0839;-0,1965;0,246
11,455000;-0,1214;-0,0934;-0,1965;0,249
11,466000;-0,1010;-0,1024;-0,1867;0,236
11,477000;-0,1101;-0,0919;-0,2064;0,251
11,485000;-0,1190;-0,0913;-0,1966;0,247
11,495000;-0,1181;-0,0809;-0,2065;0,251
11,505000;-0,1170;-0,0996;-0,1869;0,242
11,515000;-0,1161;-0,0890;-0,1968;0,245
11,529000;-0,1054;-0,1077;-0,1968;0,248
11,535000;-0,1044;-0,0969;-0,1871;0,235
11,546000;-0,0936;-0,0861;-0,1872;0,226
11,555000;-0,1024;-0,0854;-0,2068;0,246
11,565000;-0,1013;-0,0944;-0,1873;0,233
11,576000;-0,1003;-0,0837;-0,1971;0,236
11,585000;-0,0993;-0,0830;-0,1874;0,228
11,595000;-0,0984;-0,0917;-0,1776;0,223
11,605000;-0,1168;-0,0909;-0,1875;0,239
11,615000;-0,0963;-0,0901;-0,1875;0,229
11,626000;-0,1051;-0,0794;-0,1974;0,237
11,635000;-0,0944;-0,0787;-0,1974;0,233
11,647000;-0,1031;-0,0682;-0,1779;0,217
11,655000;-0,1021;-0,0773;-0,1877;0,227
11,665000;-0,1012;-0,0864;-0,1976;0,238
11,676000;-0,1101;-0,0760;-0,1878;0,231
11,686000;-0,0994;-0,0752;-0,1879;0,225
11,695000;-0,0985;-0,0745;-0,1977;0,233
11,706000;-0,0879;-0,0836;-0,1880;0,224
11,715000;-0,0775;-0,0828;-0,1978;0,228
11,726000;-0,0865;-0,0725;-0,1881;0,219
11,735000;-0,0857;-0,0719;-0,1881;0,219
11,745000;-0,0851;-0,0711;-0,1979;0,227
11,755000;-0,0746;-0,0803;-0,1882;0,218
11,765000;-0,0935;-0,0798;-0,2078;0,241
11,780000;-0,0928;-0,0791;-0,1882;0,224
11,787000;-0,0824;-0,0784;-0,2079;0,237
11,796000;-0,0817;-0,0679;-0,1981;0,225
11,805000;-0,1005;-0,0674;-0,1884;0,224
11,815000;-0,0802;-0,0766;-0,1884;0,219
11,827000;-0,0795;-0,0662;-0,1982;0,224
11,835000;-0,0983;-0,0851;-0,1885;0,229
11,845000;-0,0877;-0,0747;-0,1885;0,221
11,855000;-0,0870;-0,0546;-0,1983;0,223
11,866000;-0,0766;-0,0639;-0,2082;0,231
11,876000;0,3853;-0,1326;0,3997;0,571
11,885000;-0,8577;0,3377;-0,3964;1,003
11,895000;-0,3067;-0,1287;-0,1135;0,351
11,905000;-0,0190;0,4105;0,4461;0,607
11,915000;0,0440;0,0579;-0,0819;0,110
11,930000;0,4030;-0,1486;0,0371;0,431
11,936000;-0,2224;-0,0222;-0,1296;0,258
11,946000;-0,0333;-0,1097;-0,2176;0,246
11,955000;-0,1077;-0,1006;-0,2472;0,288
