Ã®0,52.08,8.55,-96.60
4,51.82,22.79,53.30
9,51.26,32.23,38.78
14,51.26,38.48,29.17
23,50.50,42.55,22.54
47,52.24,45.44,19.33
69,52.42,47.70,17.98
92,49.25,48.73,13.62
115,50.03,49.03,10.91
139,49.96,49.35,11.19
162,51.42,49.79,11.97
187,51.50,50.34,12.74
210,52.46,50.87,13.03
234,53.78,51.61,14.25
259,52.58,52.13,13.69
282,51.33,52.07,11.45
307,51.88,51.92,11.05
330,51.28,51.81,11.22
354,51.88,51.73,11.40
378,50.99,51.63,11.32
402,51.37,51.48,11.11
425,50.83,51.36,11.20
450,51.26,51.25,11.30
474,51.64,51.32,12.07
497,51.06,51.33,11.92
522,51.01,51.23,11.51
545,51.12,51.18,11.71
569,51.55,51.23,12.23
593,52.40,51.47,13.19
617,51.17,51.58,12.73
642,50.28,51.30,11.13
665,50.41,50.99,10.91
689,52.58,51.15,12.97
713,50.61,51.30,13.02
737,47.24,50.52,9.00
759,47.51,49.49,7.53
783,49.96,49.24,10.60
806,47.24,49.03,10.70
830,47.08,48.42,8.83
854,46.88,47.95,9.22
876,46.36,47.51,9.20
899,45.41,46.98,8.59
922,44.76,46.36,7.99
945,44.22,45.74,7.76
967,43.13,45.07,7.20
991,42.37,44.31,6.54
1013,41.78,43.57,6.32
1037,41.02,42.86,6.07
1061,40.51,42.17,5.87
1085,39.80,41.51,5.68
1110,39.80,40.95,5.84
1133,41.56,40.86,7.72
1157,37.52,40.43,6.15
1181,36.65,39.33,2.98
1205,35.79,38.31,2.79
1228,35.57,37.45,3.01
1253,35.35,36.79,3.55
1276,33.97,36.09,3.03
1300,33.21,35.27,2.15
1325,32.24,34.44,1.69
1348,32.35,33.73,1.87
1373,32.69,33.33,2.91
1396,31.86,32.99,2.94
1420,37.03,33.47,6.50
1444,32.62,33.91,6.61
1468,32.02,33.39,2.48
1491,31.30,32.82,2.02
1516,30.01,32.11,1.10
1540,30.66,31.53,1.33
1563,29.14,30.99,1.26
1588,28.76,30.32,0.38
1611,29.50,29.93,1.30
1635,30.77,30.00,3.17
1659,32.56,30.55,5.36
1683,28.71,30.58,3.31
1708,29.30,30.06,0.87
1731,38.61,31.34,8.69
1755,28.98,32.15,7.21
1779,28.31,31.00,-1.18
1804,28.07,30.08,-0.73
1828,28.35,29.46,0.20
1853,28.42,29.11,1.05
1876,29.40,29.04,2.17
1900,26.23,28.64,0.61
1925,25.85,27.78,-1.62
1949,25.63,27.11,-1.24
1975,25.36,26.58,-0.96
1999,25.40,26.19,-0.62
2024,28.65,26.46,2.19
2049,25.96,26.74,2.32
2072,24.98,26.32,-0.67
2097,25.41,25.95,-0.68
2122,25.29,25.75,-0.10
2147,29.03,26.22,2.75
2171,29.41,27.20,5.34
2195,25.23,27.24,1.56
2219,25.09,26.56,-1.68
2244,26.14,26.25,-0.36
2269,29.18,26.71,2.96
2292,27.15,27.19,3.25
2317,29.90,27.63,3.31
2340,28.02,28.07,3.51
2364,28.45,28.12,2.01
2388,28.69,28.27,2.45
2412,30.55,28.71,3.85
2437,32.18,29.58,5.99
2460,31.59,30.34,5.90
2484,31.97,30.81,5.01
2508,31.64,31.14,4.59
2532,31.31,31.25,3.80
2555,31.59,31.31,3.65
2580,30.01,31.15,2.63
2604,34.75,31.55,5.14
2627,32.73,32.27,6.75
2652,31.21,32.17,3.44
2675,30.28,31.70,1.73
2699,30.39,31.25,1.59
2723,34.43,31.63,5.10
2747,29.25,31.70,3.89
2771,30.39,31.08,0.85
2795,31.15,30.98,2.86
2819,31.15,31.04,3.52
2843,32.02,31.22,4.11
2867,31.42,31.38,4.14
2890,29.74,31.12,2.30
2915,30.99,30.87,2.24
2938,29.25,30.62,2.12
2962,29.74,30.25,1.44
2987,29.20,30.00,1.76
3010,28.91,29.69,1.40
3034,28.92,29.43,1.50
3058,29.03,29.28,1.84
3082,31.15,29.55,3.62
3106,31.31,30.10,5.05
3130,31.53,30.54,4.79
3153,33.34,31.16,5.87
3178,32.62,31.76,6.07
3202,29.85,31.58,2.91
3225,30.07,31.05,1.19
3250,29.52,30.64,1.48
3273,29.58,30.28,1.52
3297,30.26,30.16,2.42
3321,32.64,30.58,4.80
3345,32.73,31.27,6.20
3369,32.56,31.72,5.48
3393,33.92,32.22,5.93
3417,29.78,32.10,3.39
3441,29.23,31.25,0.05
3465,29.30,30.60,0.54
3488,29.90,30.27,1.67
3513,30.77,30.29,3.07
3536,29.96,30.32,3.09
3560,29.74,30.16,2.31
3585,29.74,30.02,2.30
3608,29.96,29.97,2.60
3632,30.88,30.11,3.49
3656,31.04,30.39,4.15
3680,31.26,30.64,4.16
3704,31.31,30.85,4.12
3728,30.93,30.94,3.68
3751,34.36,31.50,5.84
3776,31.53,31.97,5.74
3800,31.10,31.76,2.88
3823,32.62,31.79,3.90
3848,32.62,32.06,5.00
3871,33.78,32.43,5.59
3895,33.21,32.78,5.68
3919,31.42,32.63,3.61
3943,32.02,32.33,2.88
3968,31.93,32.21,3.55
3991,31.42,32.04,3.23
4015,30.99,31.76,2.72
4039,31.21,31.55,2.83
4063,30.55,31.33,2.73
4086,30.12,31.00,2.14
4111,30.28,30.74,2.26
4134,30.50,30.62,2.80
4158,30.72,30.62,3.23
4183,33.32,31.08,5.33
4206,34.21,31.96,7.46
4230,31.75,32.30,5.45
4254,31.10,32.01,2.83
4278,30.07,31.54,1.87
4302,33.50,31.62,4.11
4326,32.35,32.05,5.72
4349,35.50,32.66,6.78
4374,29.03,32.53,3.74
4398,27.64,31.16,-1.93
4422,28.09,30.08,-1.28
4448,28.98,29.57,0.76
4471,29.14,29.40,2.03
4495,28.24,29.17,1.64
4519,31.31,29.37,3.48
4543,27.21,29.33,2.52
4568,28.71,28.88,0.62
4591,28.69,28.82,2.16
4615,28.42,28.73,2.00
4639,27.49,28.48,1.20
4663,27.53,28.16,0.79
4686,27.69,27.98,1.24
4711,31.53,28.52,4.36
4734,30.16,29.28,5.65
4758,30.34,29.60,4.02
4783,30.07,29.80,3.65
4806,32.69,30.31,5.19
4830,30.55,30.74,5.05
4854,31.22,30.79,3.55
4878,31.48,30.97,4.19
4902,31.53,31.15,4.24
4926,33.11,31.53,5.28
4950,32.78,32.00,5.83
4974,31.53,32.05,4.22
4998,32.07,31.97,3.65
5021,30.83,31.80,3.22
5046,30.77,31.47,2.42
5069,31.88,31.42,3.52
5093,31.26,31.47,3.94
5117,30.83,31.33,3.12
5141,31.42,31.26,3.38
5166,31.80,31.38,4.17
5189,30.83,31.36,3.62
5213,30.43,31.12,2.63
5237,30.34,30.88,2.51
5261,30.39,30.71,2.72
5284,30.01,30.54,2.64
5309,29.90,30.35,2.44
5332,30.37,30.28,2.90
5356,30.07,30.26,3.09
5381,29.94,30.18,2.79
5404,33.87,30.74,5.68
5428,33.34,31.68,7.64
5452,30.55,31.77,4.29
5476,30.66,31.39,2.23
5500,31.04,31.21,2.96
5524,31.59,31.25,3.82
5548,31.22,31.30,3.93
5572,31.04,31.24,3.48
5596,30.99,31.17,3.36
5619,31.42,31.18,3.72
5644,33.81,31.65,5.80
5667,30.39,31.80,4.58
5691,32.29,31.65,3.32
5715,32.18,31.84,4.79
5739,31.59,31.86,4.09
5763,30.37,31.57,2.74
5787,29.72,31.07,1.65
5811,29.67,30.62,1.62
5835,29.41,30.26,1.83
5859,28.80,29.88,1.54
5882,29.25,29.60,1.79
5907,29.03,29.45,2.23
5931,28.98,29.30,2.18
5954,28.60,29.14,2.00
5979,28.92,29.01,2.12
6002,29.52,29.08,2.92
6026,30.05,29.31,3.68
6050,29.67,29.49,3.56
6074,30.39,29.67,3.64
6098,29.96,29.83,3.68
6122,30.12,29.90,3.31
6146,31.24,30.16,4.20
6170,33.05,30.81,6.12
6194,29.85,31.02,4.45
6217,30.12,30.68,2.08
6242,30.10,30.49,2.60
6265,30.72,30.47,3.23
6289,31.80,30.73,4.52
6313,31.48,31.03,4.83
6337,31.71,31.21,4.47
6361,31.64,31.36,4.41
6385,31.69,31.46,4.25
6409,31.80,31.56,4.28
6433,32.15,31.69,4.53
6457,30.77,31.62,3.64
6480,30.88,31.36,2.78
6505,30.72,31.17,3.00
6529,30.17,30.93,2.66
6552,30.17,30.68,2.49
6577,30.39,30.55,2.90
6600,30.39,30.50,3.19
6624,31.64,30.67,4.17
6648,32.02,31.05,5.21
6672,33.05,31.54,5.88
6696,33.38,32.09,6.42
6720,30.07,31.97,3.68
6744,30.61,31.43,1.76
6768,34.26,31.76,5.39
6792,30.39,31.95,4.91
6815,30.39,31.44,1.87
6840,29.30,30.92,1.57
6863,29.63,30.44,1.52
6887,30.07,30.25,2.55
6912,30.72,30.29,3.54
6935,34.54,31.06,6.80
6959,33.00,31.95,7.74
6983,30.61,31.90,3.98
7007,30.66,31.49,2.30
7031,31.37,31.33,3.27
7055,30.34,31.17,3.19
7078,29.52,30.77,1.98
7103,28.96,30.27,1.36
7127,29.03,29.85,1.49
7150,28.69,29.52,1.70
7175,29.07,29.31,2.04
7198,30.28,29.43,3.42
7222,29.79,29.63,3.84
7246,31.64,29.99,4.64
7270,30.34,30.32,4.70
7293,29.36,30.16,2.69
7318,31.10,30.18,3.41
7342,29.63,30.24,3.59
7366,28.53,29.86,1.63
7390,28.44,29.41,1.12
7413,28.18,29.05,1.30
7438,28.82,28.87,1.93
7461,38.30,30.41,9.58
7485,30.77,31.76,9.53
7510,29.52,31.23,1.72
7533,30.61,30.85,2.12
7557,29.25,30.55,2.30
7581,29.90,30.23,2.07
7605,29.79,30.10,2.79
7629,29.90,30.02,2.91
7653,29.63,29.94,2.87
7676,31.69,30.17,4.28
7701,33.18,30.92,6.67
7725,34.26,31.84,7.84
7748,34.92,32.74,8.24
7773,32.09,32.99,5.76
7796,32.24,32.72,3.54
7820,33.23,32.73,4.66
7844,31.26,32.57,3.94
7868,31.39,32.16,2.74
7891,31.19,31.87,3.09
7916,31.04,31.62,3.12
7940,31.04,31.43,3.26
7964,32.78,31.59,4.73
7988,32.64,31.96,5.76
8011,30.61,31.85,3.81
8036,29.85,31.32,1.86
8059,29.63,30.80,1.66
8083,30.45,30.55,2.61
8108,30.10,30.46,3.20
8131,30.55,30.42,3.37
8155,30.34,30.43,3.59
8179,29.25,30.22,2.61
8203,28.82,29.83,1.69
8227,29.14,29.55,1.99
8251,29.58,29.49,2.82
8274,29.69,29.53,3.29
8299,30.01,29.64,3.56
8323,56.73,34.14,23.44
8347,31.15,37.36,19.90
8373,30.66,35.24,-2.47
8397,30.39,33.69,-0.95
8422,30.23,32.58,0.25
8446,30.21,31.81,1.20
8470,31.10,31.43,2.61
8495,32.73,31.59,4.84
8518,29.63,31.45,3.61
8542,29.63,30.85,1.45
8566,29.36,30.41,1.84
8590,28.85,29.98,1.70
8613,28.92,29.62,1.80
8638,29.29,29.45,2.47
8662,28.85,29.33,2.58
8685,29.58,29.29,2.91
8710,29.56,29.38,3.47
8733,37.31,30.71,9.09
8757,35.57,32.59,12.23
8782,35.13,33.50,8.80
8806,38.01,34.51,9.74
8830,30.10,34.36,5.05
8854,29.20,32.81,-1.31
8879,29.63,31.70,-0.14
8904,28.92,30.90,0.75
8928,28.74,30.22,0.87
8951,29.25,29.82,1.77
8976,29.02,29.60,2.37
8999,28.58,29.33,2.09
9023,29.79,29.29,2.92
9048,28.82,29.29,3.14
9071,28.13,29.02,1.90
9096,28.31,28.76,1.78
9119,28.31,28.61,2.17
9143,28.45,28.54,2.42
9167,28.36,28.49,2.53
9191,28.80,28.52,2.82
9214,33.72,29.42,6.75
9239,36.06,31.22,11.23
9264,32.45,32.21,8.55
9287,33.40,32.45,5.62
9312,29.61,32.14,3.30
9335,28.87,31.19,0.26
9360,29.29,30.49,0.95
9383,34.54,30.96,5.81
9407,30.45,31.46,6.22
9432,31.69,31.33,3.63
9455,31.59,31.43,4.61
9479,31.51,31.47,4.38
9503,46.12,33.88,15.09
9528,32.45,35.66,13.44
9552,34.52,34.94,3.16
9577,29.30,33.95,1.54
9601,28.82,32.34,-1.69
9626,28.60,31.15,-0.64
9651,28.92,30.37,0.60
9674,28.13,29.76,1.02
9699,27.53,29.13,0.58
9722,27.97,28.68,1.08
9746,28.09,28.46,1.93
9771,29.20,28.52,3.04
9794,30.75,29.00,4.94
9818,38.55,30.86,11.39
9843,39.59,33.55,16.11
9868,28.76,33.76,6.26
9892,30.05,32.33,-0.98
9917,29.20,31.44,0.74
9940,29.30,30.72,1.06
9965,33.59,30.96,5.02
9989,35.46,32.13,9.33
10012,35.95,33.30,9.94
10038,40.31,34.89,12.39
10063,29.47,34.89,6.07
10088,29.30,33.08,-2.05
10115,28.38,31.69,-1.08
10140,28.92,30.69,-0.00
10167,29.79,30.26,2.02
10191,28.92,29.96,2.45
10216,29.09,29.65,2.21
10242,29.07,29.46,2.62
10266,29.79,29.45,3.32
10292,30.66,29.71,4.51
10316,29.85,29.89,4.30
10341,29.63,29.84,3.36
10366,29.18,29.70,2.91
10391,29.29,29.54,2.80
10416,30.34,29.63,3.80
10441,31.37,30.03,5.25
10466,31.97,30.57,6.06
10491,31.37,30.93,5.54
10516,31.26,31.06,4.67
10541,30.34,30.97,3.79
10566,29.69,30.66,2.71
10591,29.14,30.25,2.14
10615,30.07,30.04,2.82
10641,30.77,30.16,4.23
10665,30.23,30.27,4.23
10691,29.50,30.14,3.18
10716,30.28,30.06,3.35
10740,30.23,30.12,3.97
10766,28.24,29.83,2.39
10790,28.02,29.27,1.05
10815,30.08,29.20,2.95
10841,27.75,29.11,2.82
10865,27.22,28.57,0.80
10891,27.80,28.23,1.35
10915,26.72,27.91,1.31
10940,26.72,27.52,0.81
10966,26.93,27.29,1.34
10990,26.88,27.16,1.68
11015,26.93,27.08,1.79
11040,26.83,27.01,1.83
11065,27.49,27.06,2.30
11090,27.15,27.15,2.48
11115,26.77,27.09,1.85
11140,28.04,27.19,2.56
11165,35.95,28.77,9.23
11190,30.83,30.28,9.75
11214,30.66,30.43,4.37
11240,30.55,30.49,4.02
11265,29.41,30.32,3.04
11290,29.90,30.11,2.73
11315,30.50,30.14,3.74
11339,29.41,30.08,3.35
11365,29.03,29.80,2.33
11389,29.07,29.55,2.34
11414,32.40,29.94,5.07
11440,30.68,30.47,5.88
11464,30.77,30.55,4.17
11490,29.69,30.45,3.35
11514,32.78,30.70,4.94
11539,33.45,31.50,7.47
11565,29.36,31.47,4.18
11589,28.36,30.61,0.45
11614,28.35,29.87,0.54
11639,28.44,29.38,1.31
11664,29.41,29.23,2.57
11689,28.74,29.18,2.95
11714,27.97,28.91,1.92
11739,28.47,28.68,1.98
11764,28.31,28.59,2.46
11789,28.71,28.56,2.72
11813,28.87,28.64,3.15
11839,28.87,28.71,3.20
11864,29.63,28.89,3.68
11889,31.10,29.37,5.15
11914,30.01,29.76,4.96
11938,31.66,30.11,4.99
11964,33.12,30.86,6.95
11988,31.86,31.40,6.37
12013,31.48,31.48,4.64
12039,31.17,31.43,4.05
12063,30.45,31.23,3.34
12089,31.21,31.10,3.57
12113,30.66,31.04,3.86
12138,32.07,31.15,4.56
12164,33.81,31.74,6.79
12188,30.28,31.84,4.89
12213,30.28,31.33,2.19
12238,29.79,30.90,2.33
12263,31.80,30.87,3.87
12289,30.77,31.01,4.63
12313,30.77,30.93,3.74
12338,30.93,30.90,3.94
12363,30.39,30.82,3.68
12388,30.39,30.68,3.36
12412,30.34,30.58,3.46
12438,29.90,30.43,3.21
12463,29.63,30.21,2.83
12488,30.07,30.09,3.16
12513,30.12,30.09,3.64
12537,33.94,30.73,6.50
12563,30.23,31.17,5.97
12588,34.05,31.49,5.62
12612,33.16,32.18,7.48
12638,32.24,32.35,5.47
12662,32.80,32.41,5.05
12688,32.58,32.50,5.25
12712,32.45,32.51,4.92
12737,31.97,32.41,4.46
12763,31.31,32.16,3.72
12787,31.21,31.86,3.41
12812,30.12,31.47,2.82
12837,29.03,30.85,1.61
12862,28.98,30.24,1.37
12888,28.65,29.77,1.68
12912,34.25,30.32,6.03
12937,30.45,30.99,6.82
12962,28.87,30.55,2.20
12987,28.35,29.91,1.08
13011,28.29,29.39,1.27
13037,28.35,29.04,1.78
13062,27.93,28.74,1.85
13087,27.77,28.45,1.71
13112,27.97,28.26,2.02
13136,27.55,28.09,2.04
13162,27.37,27.89,1.75
13187,27.39,27.72,1.83
13211,27.42,27.62,2.02
13237,28.26,27.69,2.76
13261,27.48,27.75,2.72
13287,26.99,27.58,1.72
13312,26.88,27.37,1.44
13336,27.44,27.30,1.97
13362,27.82,27.41,2.72
13386,27.82,27.54,2.89
13411,27.59,27.60,2.58
13436,27.48,27.57,2.26
13461,27.69,27.58,2.36
13487,29.88,27.98,4.13
13511,28.76,28.42,4.52
13536,29.14,28.59,3.54
13561,39.86,30.53,11.56
13587,32.78,32.43,12.36
13613,33.92,32.73,6.13
13638,30.23,32.52,3.96
13663,29.09,31.58,0.60
13688,28.98,30.74,0.60
13713,29.03,30.17,1.38
13737,31.48,30.20,3.78
13763,31.26,30.58,5.40
13788,30.72,30.72,4.47
13812,30.45,30.67,3.74
13838,39.91,32.15,10.58
13863,35.88,34.04,13.15
13890,39.04,35.16,10.69
13916,29.12,34.81,4.62
13940,28.35,32.81,-2.93
13967,27.15,31.15,-2.44
13992,27.48,29.89,-1.45
14019,27.26,29.06,-0.15
14045,28.31,28.64,1.27
14069,27.80,28.45,2.08
14095,27.64,28.21,1.77
14119,27.21,27.95,1.56
14144,27.86,27.81,1.96
14170,27.42,27.76,2.25
14194,27.75,27.70,2.22
14220,27.91,27.74,2.63
14244,28.91,27.96,3.44
14269,29.69,28.40,4.53
14295,28.42,28.61,3.74
14319,28.35,28.54,2.53
14344,28.60,28.52,2.74
14369,30.17,28.80,4.10
14394,30.61,29.32,5.31
14419,32.62,30.07,6.60
14444,31.59,30.74,6.59
14469,30.77,30.88,4.58
14494,31.37,30.94,4.28
14519,35.73,31.80,7.89
14543,31.59,32.41,7.22
14569,31.69,32.16,3.65
14594,31.91,32.04,4.15
14619,31.80,31.98,4.35
14644,32.29,32.00,4.69
14668,33.65,32.32,6.04
14694,30.23,32.19,4.21
14718,29.69,31.46,1.41
14743,30.43,31.00,2.28
14769,29.79,30.71,2.81
14793,30.61,30.54,3.23
14819,30.72,30.58,4.08
14843,29.99,30.51,3.59
14868,30.34,30.39,3.38
14894,30.55,30.41,3.91
14918,30.41,30.43,3.94
14943,30.26,30.40,3.71
14968,29.69,30.26,3.21
14993,29.69,30.07,2.92
15019,29.02,29.84,2.61
15043,28.54,29.49,1.99
15068,28.26,29.13,1.77
15093,28.80,28.93,2.30
15118,32.62,29.52,5.72
15142,29.58,30.03,5.72
15168,28.64,29.73,2.27
15193,31.31,29.81,3.85
15218,28.87,29.90,3.95
15243,29.36,29.64,2.41
15267,29.40,29.56,3.05
15293,28.07,29.29,2.19
15318,28.02,28.88,1.43
15342,28.42,28.66,2.08
15368,35.68,29.77,7.94
15392,29.14,30.64,7.40
15418,29.52,30.21,2.01
15442,29.03,29.90,2.34
15467,29.96,29.77,2.96
15493,29.25,29.72,3.25
15517,28.60,29.46,2.30
15542,28.18,29.11,1.77
15567,27.88,28.75,1.57
15592,28.58,28.58,2.20
15618,29.34,28.71,3.45
15642,34.25,29.72,7.51
15667,33.38,31.06,9.51
15692,33.76,31.88,7.84
15717,29.25,31.76,3.99
15741,28.80,30.86,0.45
15767,28.58,30.15,0.84
15792,29.03,29.71,1.71
15817,28.36,29.38,1.97
15842,28.02,28.99,1.55
15866,28.15,28.69,1.76
15892,28.07,28.50,2.09
15917,27.69,28.30,1.94
15941,27.86,28.13,1.97
15967,28.29,28.11,2.57
15991,28.07,28.13,2.74
16017,28.44,28.17,2.82
16041,28.69,28.30,3.23
16066,29.47,28.56,3.86
16092,43.95,31.23,14.89
16117,30.32,33.17,12.91
16143,29.52,32.10,0.37
16168,30.39,31.40,1.47
16193,28.74,30.80,1.58
16219,28.64,30.11,0.88
16243,29.07,29.69,1.79
16268,31.97,29.96,4.65
16293,29.69,30.25,4.84
16318,31.15,30.30,3.97
16343,36.04,31.38,8.61
16368,31.10,32.10,7.52
16393,29.29,31.47,1.84
16418,28.58,30.64,0.59
16443,28.13,29.89,0.55
16467,28.06,29.30,0.89
16493,28.24,28.92,1.55
16518,28.29,28.71,2.09
16542,28.58,28.62,2.55
16568,28.47,28.59,2.76
16592,29.56,28.73,3.51
16618,31.48,29.32,5.59
16643,32.07,30.12,6.88
16667,32.67,30.86,6.97
16693,39.86,32.64,12.01
16718,28.91,33.21,7.50
16743,28.29,31.70,-1.60
16770,28.35,30.59,-0.53
16795,29.30,30.01,1.30
16821,30.37,29.95,3.36
16845,30.66,30.14,4.42
16870,28.82,30.01,3.09
16896,29.12,29.67,2.08
16920,31.53,29.88,4.42
16945,29.40,30.07,4.41
16970,28.44,29.69,1.94
16995,28.07,29.22,1.33
17020,28.24,28.87,1.64
17045,33.27,29.49,5.82
17070,28.98,30.03,5.76
17095,28.31,29.57,1.57
17120,28.40,29.17,1.59
17144,28.53,28.94,2.13
17170,27.21,28.59,1.47
17195,27.21,28.13,0.84
17220,27.42,27.86,1.43
17245,27.31,27.70,1.77
17269,27.31,27.57,1.84
17295,28.35,27.66,2.72
17319,30.50,28.24,4.99
17344,29.58,28.83,5.33
17370,28.04,28.82,2.93
17394,27.75,28.52,1.58
17420,27.69,28.26,1.62
17444,27.75,28.08,1.87
17469,27.86,27.99,2.15
17495,27.26,27.85,1.88
17519,27.80,27.74,1.97
17544,28.24,27.83,2.78
17569,28.13,27.95,2.93
17594,28.40,28.05,2.93
17619,28.00,28.10,2.73
17644,28.18,28.10,2.52
17669,28.02,28.10,2.53
17694,28.85,28.21,3.02
17719,29.58,28.54,4.05
17743,30.50,29.03,4.95
17769,29.18,29.30,4.17
17794,28.92,29.22,2.74
17819,28.36,29.03,2.22
17844,29.74,29.04,3.00
17868,30.70,29.42,4.72
17894,29.30,29.61,4.01
17918,28.44,29.37,2.16
17943,28.31,29.04,1.66
17969,28.98,28.91,2.37
17993,28.82,28.91,2.87
18019,28.47,28.82,2.50
18043,28.33,28.68,2.22
18068,29.07,28.69,2.79
18094,28.87,28.78,3.18
18118,28.96,28.82,3.01
18143,28.36,28.77,2.59
18168,27.59,28.51,1.62
18193,27.26,28.15,1.05
18219,27.59,27.91,1.40
18243,28.02,27.88,2.19
18268,28.53,28.01,2.91
18293,28.58,28.19,3.19
18318,28.42,28.29,2.93
18342,29.94,28.58,3.83
18368,40.18,30.71,12.24
18394,31.04,32.32,10.98
18420,29.79,31.69,1.74
18445,29.58,31.03,1.27
18469,30.66,30.73,2.56
18495,31.75,30.89,4.46
18520,31.04,31.06,4.59
18545,30.99,31.04,3.87
18570,30.12,30.88,3.20
18594,30.72,30.73,3.16
18620,31.10,30.79,4.03
18644,30.64,30.82,3.93
18669,30.23,30.69,3.26
18695,29.29,30.38,2.38
18719,29.47,30.05,2.12
18745,30.28,30.00,3.18
18769,30.88,30.19,4.28
18794,30.66,30.38,4.37
18820,31.91,30.68,4.95
18844,30.01,30.77,4.18
18869,29.67,30.46,2.43
18894,30.48,30.34,3.08
18919,30.55,30.40,3.86
18945,29.94,30.35,3.40
18969,29.94,30.21,3.00
18994,30.01,30.13,3.18
19019,30.37,30.15,3.58
19044,29.94,30.15,3.51
19068,29.61,30.03,2.94
19094,29.52,29.88,2.76
19119,29.63,29.78,2.92
19144,30.01,29.79,3.38
19169,30.50,29.94,4.00
19193,31.10,30.22,4.66
19219,32.45,30.73,5.83
19244,33.00,31.39,6.74
19268,32.62,31.85,6.23
19294,31.04,31.85,4.33
19318,30.23,31.45,2.58
19344,30.10,31.03,2.28
19368,31.02,30.87,3.28
19393,31.15,30.94,4.21
19419,30.10,30.84,3.46
19443,30.55,30.67,3.12
19468,30.50,30.62,3.58
19493,29.94,30.49,3.18
19518,30.45,30.39,3.27
19544,30.28,30.38,3.62
19568,30.17,30.33,3.43
19593,29.72,30.21,3.07
19618,29.94,30.08,3.02
19643,31.15,30.23,4.19
19667,30.99,30.51,4.82
19693,30.88,30.65,4.35
19718,36.11,31.58,8.01
19743,36.49,33.13,11.25
19769,31.59,33.43,6.40
19793,32.40,32.96,3.10
19819,30.93,32.53,3.09
19844,29.56,31.78,1.41
19868,29.99,31.12,1.45
19894,29.90,30.74,2.35
19918,29.09,30.33,2.06
19944,29.03,29.91,1.81
19969,29.07,29.63,2.21
19993,29.30,29.48,2.68
20019,29.74,29.50,3.32
20043,30.28,29.67,4.03
20068,30.83,29.96,4.66
20093,32.67,30.55,6.15
20118,31.37,31.03,5.97
20144,30.28,30.96,3.74
20168,31.15,30.88,3.65
20193,29.78,30.74,3.35
20218,30.01,30.47,2.65
20243,29.41,30.22,2.65
20268,29.74,30.01,2.70
20293,30.54,30.05,3.73
20318,29.14,29.98,3.25
20343,28.36,29.58,1.71
20368,28.35,29.18,1.51
20392,28.24,28.89,1.81
20418,28.31,28.68,2.06
20443,29.14,28.70,2.92
20467,29.20,28.85,3.56
20493,27.75,28.73,2.38
20517,27.37,28.34,1.14
20543,27.31,28.01,1.19
20568,27.10,27.75,1.31
20592,27.69,27.63,1.84
20618,28.44,27.77,2.93
20642,30.50,28.33,4.86
20667,28.54,28.72,4.40
20692,27.86,28.55,2.06
20717,28.18,28.38,1.95
20743,28.64,28.39,2.69
20767,32.13,29.04,5.59
20792,31.04,29.88,6.73
20817,29.74,30.05,4.15
20842,41.27,31.84,11.55
20868,30.01,33.09,10.00
20894,28.85,31.89,-0.38
20920,29.14,30.94,0.15
20945,32.89,30.96,4.06
20970,30.66,31.23,5.17
20995,30.83,31.07,3.38
21020,35.79,31.80,7.33
21045,33.16,32.68,8.34
21069,30.83,32.45,3.83
21095,29.85,31.76,1.61
21120,29.79,31.12,1.53
21145,28.58,30.49,1.22
21170,28.38,29.83,0.80
21194,28.42,29.36,1.32
21220,28.47,29.06,1.84
21244,28.13,28.81,1.92
21269,28.74,28.69,2.36
21295,30.34,28.97,4.11
21319,32.18,29.72,6.37
21345,28.76,29.97,4.47
21369,29.20,29.64,2.02
21394,28.44,29.37,2.10
21420,27.91,28.98,1.41
21444,28.42,28.71,1.78
21469,28.85,28.69,2.73
21494,42.95,31.06,13.49
21520,29.96,32.83,12.00
21547,29.40,31.79,0.26
21571,29.41,31.01,0.88
21596,30.39,30.65,2.38
21621,28.36,30.23,1.96
21646,28.02,29.56,0.61
21670,27.91,29.04,0.93
21696,28.24,28.72,1.60
21721,29.14,28.71,2.81
21746,30.55,29.08,4.53
21771,29.63,29.41,4.53
21795,28.31,29.27,2.54
21821,27.21,28.77,0.89
21846,27.64,28.33,0.87
21870,27.91,28.15,1.82
21896,27.15,27.95,1.63
21920,30.17,28.18,3.50
21946,27.48,28.39,3.50
21970,26.55,27.94,0.62
21995,26.23,27.43,0.13
22021,26.61,27.10,0.66
22045,27.21,27.04,1.69
22070,26.79,27.02,1.88
22095,26.73,26.94,1.54
22120,27.71,27.03,2.29
22146,27.11,27.16,2.47
22170,27.64,27.23,2.29
22195,29.14,27.61,3.71
22220,28.04,27.93,3.62
22245,27.80,27.93,2.31
22269,28.31,27.97,2.51
22295,27.91,28.02,2.55
22320,27.64,27.94,2.00
22345,28.36,27.96,2.41
22370,30.16,28.39,4.24
22394,31.13,29.13,5.86
22420,28.07,29.28,3.60
22445,28.35,28.93,1.38
22469,28.71,28.80,2.19
22495,29.18,28.85,2.93
22519,28.45,28.84,2.70
22545,28.02,28.64,1.85
22569,28.85,28.57,2.33
22594,30.45,28.93,4.18
22620,29.96,29.34,4.65
22644,29.63,29.49,3.64
22669,29.14,29.46,2.89
22694,29.58,29.43,2.88
22719,29.69,29.49,3.31
22745,29.09,29.46,2.89
22769,29.96,29.48,3.12
22794,31.80,29.94,5.10
22819,31.26,30.46,5.62
22844,30.88,30.66,4.43
22868,29.90,30.57,3.23
22894,29.96,30.36,2.64
22919,30.55,30.33,3.33
22944,29.61,30.25,3.11
22969,29.69,30.05,2.54
22993,30.34,30.04,3.27
23019,30.77,30.21,4.09
23044,34.75,31.05,7.18
23068,33.40,32.04,8.31
23094,30.45,32.00,4.16
23118,37.69,32.68,7.38
23144,32.96,33.55,8.58
23169,31.59,33.13,3.24
23193,31.53,32.61,2.60
23219,33.78,32.63,4.73
23243,28.82,32.19,2.72
23268,29.36,31.17,-0.11
23294,31.48,30.92,2.85
23319,29.96,30.86,3.53
23345,30.07,30.58,2.56
23369,28.07,30.08,1.44
23394,28.02,29.41,0.41
23419,27.69,28.90,0.78
23444,28.47,28.63,1.61
23470,28.02,28.51,2.11
23494,28.29,28.39,2.10
23519,28.45,28.39,2.52
23544,31.53,28.91,4.92
23569,27.64,29.13,3.80
23593,28.71,28.82,1.50
23619,28.35,28.72,2.32
23644,28.47,28.62,2.24
23669,28.96,28.65,2.79
23694,30.17,28.95,4.01
23718,29.18,29.19,3.88
23744,29.78,29.28,3.35
23769,29.99,29.48,3.85
23793,31.08,29.83,4.62
